OTU ID	ID1	ID7	ID13	ID19	ID25	ID31	ID37	ID43	ID49	ID55	ID61	ID67	ID73	ID79	ID85	ID91	ID97	ID103	ID109	ID115
1CMET2-PWY: N10-formyl-tetrahydrofolate biosynthesis	437.572	252.953	226.669	257.785	309.84	347.857	369.526	303.146	233.234	184.191	344.661	349.474	641.913	463.792	393.081	425.978	383.73	281.828	326.171	372.746
3-HYDROXYPHENYLACETATE-DEGRADATION-PWY: 4-hydroxyphenylacetate degradation	5.01891	80.8187	0	0	0	0	0	0	0	14.4421	18.5706	29.3323	0	0	0	0	0	0	0	0
AEROBACTINSYN-PWY: aerobactin biosynthesis	0	0	0	29.0701	0	0	0	0	0	0	0	0	7.27911	0	0	0	0	0	5.25665	0
ALLANTOINDEG-PWY: superpathway of allantoin degradation in yeast	0	0	0	0	0	0	0	22.9492	0	0	0	0	0	0	0	0	0	0	0	11.7435
ANAEROFRUCAT-PWY: homolactic fermentation	280.806	270.368	176.373	260.962	324.512	346.111	328.193	349.791	311.228	226.258	241.299	363.379	250.253	431.163	273.671	268.153	331.183	274.438	328.285	330.102
ANAGLYCOLYSIS-PWY: glycolysis III (from glucose)	527.316	326.31	225.978	298.95	394.133	371.175	456.3	459.414	394.426	483.525	299.79	401.013	841.462	524.862	387.271	333.313	502.336	343.529	430.817	436.943
ARG+POLYAMINE-SYN: superpathway of arginine and polyamine biosynthesis	50.9898	320.01	92.8169	175.92	0	40.6554	36.0922	85.0982	0	83.0497	144.198	122.705	39.5122	37.5422	99.3617	104.481	206.051	210.43	108.942	32.9437
ARGDEG-PWY: superpathway of L-arginine, putrescine, and 4-aminobutanoate degradation	9.69021	194.611	0	50.5006	0	0	0	0	0	0	27.2685	40.6925	0	0	21.3309	15.5322	0	0	0	0
ARGININE-SYN4-PWY: L-ornithine de novo  biosynthesis	169.457	262.748	6.09416	46.5656	0	14.5871	169.507	39.8016	0	0	35.0014	22.8386	0	66.6894	50.871	20.7348	70.8656	116.188	31.0165	130.597
ARGORNPROST-PWY: arginine, ornithine and proline interconversion	47.7547	50.2479	25.1514	36.7142	0	55.8815	23.2147	66.0094	102.355	0	38.8821	59.6059	0	35.0035	48.9919	59.5016	29.7028	35.6281	112.442	64.0323
ARGSYN-PWY: L-arginine biosynthesis I (via L-ornithine)	137.391	382.045	285.567	300.416	193.7	219.21	243.897	179.75	324.174	391.955	348.91	361.222	837.621	446.678	486.493	434.447	372.161	283.406	376.59	333.218
ARGSYNBSUB-PWY: L-arginine biosynthesis II (acetyl cycle)	114.309	400.751	293.069	319.781	185.057	203.129	245.859	175.305	343.478	394.893	451.219	406.096	898.159	478.269	516.155	459.031	404.013	304.905	390.556	354.504
ARO-PWY: chorismate biosynthesis I	316.35	312.785	314.929	237.327	276.795	312.484	297.549	316.625	325.643	280.657	409.53	422.872	507.277	470.723	525.253	539.753	388.188	324.612	379.84	363.796
ASPASN-PWY: superpathway of L-aspartate and L-asparagine biosynthesis	196.86	458.779	148.6	208.696	184.465	192.148	238.649	171.691	141.648	144.227	205.967	191.023	575.912	285.113	330.582	286.945	193.874	217.917	199.973	233.217
AST-PWY: L-arginine degradation II (AST pathway)	12.5935	212.032	0	42.438	0	8.67159	5.70812	14.9111	0	16.3436	17.8577	44.7063	6.39733	0	0	0	8.49776	51.9639	0	16.0646
BIOTIN-BIOSYNTHESIS-PWY: biotin biosynthesis I	58.0279	349.439	15.9762	131.922	0	94.6875	120.836	41.4706	0	48.6805	53.6781	122.852	34.254	46.9684	89.047	71.607	69.5861	145.359	36.8916	132.907
BRANCHED-CHAIN-AA-SYN-PWY: superpathway of branched amino acid biosynthesis	211.464	512.363	457.2	319.476	171.82	216.983	363.605	272.006	225.865	210.049	449.991	522.288	1276.07	708.453	650.33	598.832	429.578	414.122	463.605	377.196
CALVIN-PWY: Calvin-Benson-Bassham cycle	498.052	490.164	468.473	355.12	384.506	421.734	426.014	434.324	533.627	493.244	475.851	613.632	353.463	527.173	515.424	565.029	470.119	325.162	443.097	498.54
CATECHOL-ORTHO-CLEAVAGE-PWY: catechol degradation to &beta;-ketoadipate	0	22.7426	0	0	0	0	0	0	0	0	4.3212	22.1864	0	0	0	0	0	0	0	12.4245
CENTFERM-PWY: pyruvate fermentation to butanoate	39.9371	0	122.294	34.2482	16.4883	37.9006	34.4262	83.5408	66.0472	0	70.1751	54.4367	12.9863	36.778	77.6068	113.055	51.3474	79.8773	50.9561	78.8624
CITRULBIO-PWY: L-citrulline biosynthesis	158.191	331.123	60.9729	65.7112	10.5144	21.1963	181.555	52.9763	0	0	51.111	37.5754	17.9671	94.9491	74.2222	42.618	100.037	153.83	45.5743	177.042
COA-PWY-1: coenzyme A biosynthesis II (mammalian)	336.277	208.791	302.342	243.934	253.961	242.391	411.113	243.068	277.317	220.974	375.309	427.138	755.748	487.911	360.554	446.568	384.559	336.994	403.973	335.134
COA-PWY: coenzyme A biosynthesis I	330.485	217.622	142.567	247.183	218.602	261.557	338.64	230.185	232.867	100.13	330.799	308.634	580.238	397.011	310.66	330.635	306.57	266.451	270.99	294.985
COBALSYN-PWY: adenosylcobalamin salvage from cobinamide I	97.2718	199.909	45.055	122.992	0	38.4184	0	105.039	30.8924	35.1893	189.077	166.291	45.1683	99.0739	218.708	165.241	131.873	204.569	134.162	38.288
COLANSYN-PWY: colanic acid building blocks biosynthesis	76.7768	245.715	40.0793	117.257	0	58.8136	101.309	57.6396	0	51.6049	82.8803	118.083	40.0049	134.274	86.67	68.1643	87.8763	155.402	56.248	120.172
COMPLETE-ARO-PWY: superpathway of aromatic amino acid biosynthesis	321.511	306.853	297.416	244.573	267.282	315.005	302.294	315.64	324.972	292.795	401.242	406.992	555.927	489.096	488.624	506.446	399.5	323.234	354.184	362.199
CRNFORCAT-PWY: creatinine degradation I	0	0	0	0	0	0	0	0	0	0	0	0	0	0	0	0	0	0	0	0
DAPLYSINESYN-PWY: L-lysine biosynthesis I	90.4034	313.028	158.237	150.622	49.7574	148.795	68.9952	119.404	94.7269	189.727	160.235	213.115	867.074	277.176	279.564	278.237	107.481	230.747	228.129	106.771
DENITRIFICATION-PWY: nitrate reduction I (denitrification)	0	0	0	0	0	0	0	0	0	0	0	0	0	0	0	0	0	0	0	22.8086
DENOVOPURINE2-PWY: superpathway of purine nucleotides de novo biosynthesis II	276.653	275.098	63.9587	208.726	270.825	274.69	254.514	248.357	290.787	256.074	242.269	229.977	94.5865	279.606	131.454	210.361	385.598	280.925	205.359	286.245
DTDPRHAMSYN-PWY: dTDP-L-rhamnose biosynthesis I	710.335	77.1967	325.265	320.199	504.94	566.786	745.756	326.804	187.469	330.429	344.641	496.661	585.099	339.336	560.478	711.988	345.899	336.744	530.137	450.696
ECASYN-PWY: enterobacterial common antigen biosynthesis	21.3391	118.497	15.179	36.9524	0	0	0	0	0	27.794	19.1845	73.4831	0	0	0	9.19814	0	23.1891	0	0
ENTBACSYN-PWY: enterobactin biosynthesis	0	321.169	47.6605	156.398	0	29.8734	45.5066	59.6572	0	94.3986	67.8659	162.387	37.5598	0	59.1173	37.3102	60.8764	250.975	0	0
FAO-PWY: fatty acid &beta;-oxidation I	106.897	532.413	81.6387	220.168	0	36.1584	31.4235	104.014	0	38.3469	70.0943	166.858	38.0354	29.256	76.0413	66.9412	67.338	158.478	34.6479	68.9958
FASYN-ELONG-PWY: fatty acid elongation -- saturated	69.2053	455.338	17.5178	152.606	198.747	170.565	200.751	39.2583	0	211.024	84.0495	239.436	171.653	105.723	161.38	191.87	74.2186	152.628	36.6853	212.021
FASYN-INITIAL-PWY: superpathway of fatty acid biosynthesis initiation (E. coli)	467.068	327.246	95.4755	228.14	220.211	344.137	289.598	430.615	0	158.681	138.945	241.008	112.569	129.505	168.646	179.657	226.178	276.303	188.167	234.503
FERMENTATION-PWY: mixed acid fermentation	63.1967	369.192	72.9069	194.964	0	50.3808	23.2924	65.1658	0	77.4649	63.2671	211.618	357.697	282.327	203.56	90.0333	140.715	229.487	225.572	96.1918
FOLSYN-PWY: superpathway of tetrahydrofolate biosynthesis and salvage	13.5855	107.013	31.2507	143.721	0	22.563	0	55.879	0	71.0055	50.4235	75.3457	15.9904	33.4355	35.2861	0	136.854	130.684	17.4315	0
FUC-RHAMCAT-PWY: superpathway of fucose and rhamnose degradation	58.3519	275.24	48.5199	158.477	0	28.4971	161.069	71.7535	0	55.4828	78.5289	121.372	29.9173	78.8211	53.5211	36.2321	85.2961	145.574	29.8138	61.0861
FUCCAT-PWY: fucose degradation	34.3848	222.685	76.8006	144.958	0	19.439	147.093	45.5552	0	78.5025	55.0892	118.378	21.5991	54.047	126.67	20.5564	101.83	162.086	17.688	35.7705
GALACT-GLUCUROCAT-PWY: superpathway of hexuronide and hexuronate degradation	47.6877	269.175	101.759	121.955	18.29	40.4293	112.714	169.402	17.8224	57.1772	90.1403	158.037	33.6574	61.5678	139.665	55.3963	35.2569	87.0846	37.311	61.0045
GALACTARDEG-PWY: D-galactarate degradation I	65.4539	458.822	122.961	120.153	6.96027	40.4722	54.3707	86.4403	0	90.9052	100.321	138.938	54.0229	62.6316	54.4289	74.8746	139.411	195.158	19.145	0
GALACTUROCAT-PWY: D-galacturonate degradation I	80.9182	226.487	148.64	102.88	44.3945	49.9509	84.6992	124.136	33.8512	59.5799	168.246	171.602	37.8703	85.1021	163.008	108.866	23.9975	58.673	46.415	54.7206
GALLATE-DEGRADATION-I-PWY: gallate degradation II	0	0	0	0	0	0	0	0	0	0	0	19.6159	0	0	0	0	0	0	0	0
GALLATE-DEGRADATION-II-PWY: gallate degradation I	0	6.06244	0	0	0	0	0	0	0	0	0	19.6159	0	0	0	0	0	0	0	0
GLCMANNANAUT-PWY: superpathway of N-acetylglucosamine, N-acetylmannosamine and N-acetylneuraminate degradation	72.5521	377.931	212.311	167.699	0	38.1027	60.3362	122.827	28.4425	83.0395	64.079	101.627	34.5662	30.5462	105.405	76.3942	66.4882	124.376	52.9021	27.1347
GLUCARDEG-PWY: D-glucarate degradation I	44.8373	337.533	64.7226	105.197	36.7047	63.8721	16.3197	83.3445	0	86.6235	60.1644	100.568	25.3355	63.033	51.824	45.3786	142.974	188.347	15.6551	0
GLUCARGALACTSUPER-PWY: superpathway of D-glucarate and D-galactarate degradation	65.4539	458.822	122.961	120.153	6.96027	40.4722	54.3707	86.4403	0	90.9052	100.321	138.938	54.0229	62.6316	54.4289	74.8746	139.411	195.158	19.145	0
GLUCONEO-PWY: gluconeogenesis I	82.398	278.444	115.091	217.455	86.742	170.347	327.665	79.2765	0	86.7545	188.19	176.149	61.9028	109.434	202.384	120.794	354.151	205.191	157.516	66.0309
GLUCOSE1PMETAB-PWY: glucose and glucose-1-phosphate degradation	80.1105	284.854	31.1057	145.378	0	29.8212	22.1401	70.3897	0	77.8435	63.5101	173.919	451.214	44.4365	82.1663	41.4125	69.0948	193.233	133.348	72.5358
GLUCUROCAT-PWY: superpathway of &beta;-D-glucuronide and D-glucuronate degradation	36.6618	255.757	75.6652	101.98	14.4117	34.9667	91.179	153.753	14.3925	56.7438	69.0168	135.006	26.5218	46.566	116.976	40.462	25.716	68.5161	29.5625	46.3001
GLUDEG-I-PWY: GABA shunt	0	26.1724	0	0	0	0	0	0	0	0	5.24133	0	0	0	0	0	0	3.70469	0	0
GLUDEG-II-PWY: L-glutamate degradation VII (to butanoate)	14.7785	0	16.9978	0	0	0	0	0	0	0	11.6604	53.1892	0	0	37.923	43.3554	0	0	32.8758	5.42061
GLUTORN-PWY: L-ornithine biosynthesis	128.81	300.912	195.867	290.723	151.733	194.854	255.472	207.654	262.068	243.451	207.488	246.11	731.225	372.173	423.406	406.493	246.977	315.693	326.266	255.536
GLYCOCAT-PWY: glycogen degradation I (bacterial)	40.0258	412.992	59.3557	96.3836	0	55.3975	31.0798	41.2116	0	74.045	63.1862	274.505	682.979	61.0286	152.121	53.7678	51.3882	119.547	230.858	129.951
GLYCOGENSYNTH-PWY: glycogen biosynthesis I (from ADP-D-Glucose)	233.418	301.233	223.484	254.71	165.087	250.965	230.031	269.431	244.478	155.33	447.404	373.217	538.156	317.497	417.19	279.884	152.445	170.783	282.704	311.641
GLYCOL-GLYOXDEG-PWY: superpathway of glycol metabolism and degradation	63.1327	56.4847	8.47472	29.4453	0	5.11199	16.6456	4.43157	0	24.0549	12.0286	28.765	5.3627	28.6945	1.49506	2.48009	32.0483	79.1502	14.1234	18.208
GLYCOLYSIS-E-D: superpathway of glycolysis and Entner-Doudoroff	131.545	307.975	133.382	163.001	59.7079	76.6467	60.262	141.013	0	99.1553	111.063	167.971	83.2299	123.034	148.25	97.2364	98.7316	173.737	62.0502	98.3978
GLYCOLYSIS-TCA-GLYOX-BYPASS: superpathway of glycolysis, pyruvate dehydrogenase, TCA, and glyoxylate bypass	66.3721	345.381	56.0806	188.031	0	57.2869	21.7165	82.0882	0	74.7958	77.5394	152.351	50.9849	54.3463	102.023	71.485	101.309	214.257	59.1122	77.0303
GLYCOLYSIS: glycolysis I (from glucose 6-phosphate)	497.521	356.374	276.41	301.542	386.02	395.898	425.357	428.855	365.608	299.981	350.686	386.951	316.035	444.723	351.144	371.092	496.383	344.618	392.069	459.522
GLYOXYLATE-BYPASS: glyoxylate cycle	22.9261	306.523	25.894	157.185	0	27.3013	12.038	34.5506	0	28.8279	37.6103	72.1246	49.458	30.1692	121.14	33.214	62.9406	142.46	24.565	28.2637
GOLPDLCAT-PWY: superpathway of glycerol degradation to 1,3-propanediol	50.3071	43.1141	85.9489	0	22.1376	0	16.7041	11.8578	90.4962	27.0763	70.066	148.619	0	88.0915	87.0712	93.3981	24.1249	13.4353	23.3373	29.2636
HCAMHPDEG-PWY: 3-phenylpropanoate and 3-(3-hydroxyphenyl)propanoate degradation to 2-oxopent-4-enoate	16.2012	138.14	11.7774	75.2483	0	10.8095	0	0	0	0	21.8134	21.6792	0	9.86552	16.4567	14.5148	0	0	0	0
HEME-BIOSYNTHESIS-II: heme biosynthesis I (aerobic)	35.8879	237.928	27.6053	87.8135	15.0924	28.5363	7.52526	34.3385	0	81.2856	38.0742	90.1532	18.2772	15.38	10.9722	40.1926	87.1004	97.0554	4.34631	20.5875
HEMESYN2-PWY: heme biosynthesis II (anaerobic)	21.926	193.631	33.8277	95.809	4.2819	11.7983	8.3819	27.1691	0	36.7431	44.1808	69.2952	21.3158	19.2263	14.9679	37.4647	78.0248	101.634	0	24.6334
HEXITOLDEGSUPER-PWY: superpathway of hexitol degradation (bacteria)	139.239	301.595	129.683	221.435	114.379	141.428	81.9915	133.717	320.123	226.059	126.572	352.928	91.7095	177.584	191.129	244.101	202.607	226.026	122.711	59.2712
HISDEG-PWY: L-histidine degradation I	419.471	42.7368	28.7128	66.9598	150.674	231.125	222.673	247.658	0	25.9287	36.2071	88.2467	3.7863	64.5108	116.547	86.6253	135.25	83.1541	114.126	208.977
HISTSYN-PWY: L-histidine biosynthesis	358.997	161.044	216.41	171.141	206.351	261.884	283.031	264.072	276.577	185.601	292.923	322.563	795.506	423.622	279.295	252.014	335.022	253.162	265.606	274.48
HOMOSER-METSYN-PWY: L-methionine biosynthesis I	352.849	372.251	75.7105	227.078	236.598	289.867	96.4978	155.955	71.3944	148.236	137.517	237.422	158.554	233.063	217.975	207.676	194.829	203.821	166.025	127.577
HSERMETANA-PWY: L-methionine biosynthesis III	409.938	125.189	79.3981	261.203	267.939	343.082	244.741	170.138	232.192	132.937	150.381	261.487	895.649	413.965	254.359	231.576	339.07	283.353	197.695	124.909
ILEUSYN-PWY: L-isoleucine biosynthesis I (from threonine)	522.023	626.9	511.286	509.339	259.479	360.87	471.137	538.775	290.003	240.799	504.999	704.866	1606.01	973.918	783.985	710.35	608.64	563.921	629.194	548.88
KDO-NAGLIPASYN-PWY: superpathway of (Kdo)2-lipid A biosynthesis	0	65.7309	0	19.606	0	0	0	0	0	0	13.714	0	0	0	0	0	0	19.7412	0	0
KETOGLUCONMET-PWY: ketogluconate metabolism	56.6919	304.051	35.9334	90.0561	0	42.7966	16.6477	23.3119	0	30.3635	41.6916	102.174	17.0218	2.16678	26.5845	19.1505	33.1431	122.132	38.6542	32.5229
LACTOSECAT-PWY: lactose and galactose degradation I	13.0475	17.8008	33.4881	14.7268	490.446	361.05	42.3232	41.9373	670.59	914.002	0	53.4631	0	40.7674	48.9691	102.081	6.24651	0	60.06	13.2985
LEU-DEG2-PWY: L-leucine degradation I	0	0	0	0	0	0	0	0	0	0	0	0	0	0	0	0	0	0	0	10.6463
LIPASYN-PWY: phospholipases	0	0	0	0	0	0	0	0	0	0	0	0	0	0	0	0	0	0	0	0
LPSSYN-PWY: superpathway of lipopolysaccharide biosynthesis	0	53.4236	0	0	0	0	0	0	0	0	0	0	0	0	0	0	0	0	0	0
LYSINE-AMINOAD-PWY: L-lysine biosynthesis IV	0	0	0	0	0	0	0	0	0	0	0	0	0	0	0	0	0	0	18.0042	9.80257
MET-SAM-PWY: superpathway of S-adenosyl-L-methionine biosynthesis	356.49	428.861	110.262	289.326	200.413	241.704	127.902	200.294	119.524	224.557	221.213	350.082	234.818	342.031	327.135	295.779	276.161	268.525	274.076	177.752
METH-ACETATE-PWY: methanogenesis from acetate	0	0	0	0	0	0	0	0	0	0	0	0	0	0	0	27.497	0	0	0	0
METHANOGENESIS-PWY: methanogenesis from H2 and CO2	0	0	0	0	0	0	0	0	0	0	0	0	0	0	0	0	0	0	17.1935	13.7818
METHGLYUT-PWY: superpathway of methylglyoxal degradation	26.1304	127.375	0	67.7757	0	23.5849	0	6.34928	0	0	12.8755	40.6293	0	0	11.7455	20.554	8.35976	57.1766	0	0
METHYLGALLATE-DEGRADATION-PWY: methylgallate degradation	0	0	0	0	0	0	0	0	0	0	0	23.6911	0	0	0	0	0	0	0	0
METSYN-PWY: L-homoserine and L-methionine biosynthesis	356.614	472.387	123.667	286.406	190.255	234.261	142.462	206.478	117.414	209.596	213.377	331.931	281.381	343.057	319.347	304.23	279.842	257.5	247.986	186.107
NAD-BIOSYNTHESIS-II: NAD salvage pathway II	7.54391	99.83	0	35.4409	0	9.48688	16.4554	17.6498	0	24.0793	38.6552	59.7042	5.12045	26.4367	19.1587	10.0975	41.8875	68.2332	19.1339	41.3787
NAGLIPASYN-PWY: lipid IVA biosynthesis	114.055	265.752	18.5094	126.689	0	49.8213	126.447	103.395	0	26.4712	50.3104	68.2396	10.6531	20.281	34.2124	58.9428	109.236	215.289	48.3588	57.7572
NONMEVIPP-PWY: methylerythritol phosphate pathway I	49.7009	0	0	0	0	0	42.2908	0	0	0	123.399	0	0	0	0	0	234.623	120.006	0	42.3957
NONOXIPENT-PWY: pentose phosphate pathway (non-oxidative branch)	486.485	660.162	505.665	479.293	320.497	452.873	396.491	529.195	742.952	449.109	557.289	664.236	754.941	502.166	457.646	429.186	426.4	456.237	319.283	375.966
OANTIGEN-PWY: O-antigen building blocks biosynthesis (E. coli)	160.73	94.9647	184.815	256.439	261.347	244.316	95.6621	148.466	213.433	273.218	265.166	323.2	774.305	398.649	315.34	228.555	254.241	173.196	329.813	208.664
ORNARGDEG-PWY: superpathway of L-arginine and L-ornithine degradation	9.69021	194.611	0	50.5006	0	0	0	0	0	0	27.2685	40.6925	0	0	21.3309	15.5322	0	0	0	0
ORNDEG-PWY: superpathway of ornithine degradation	18.2747	310.612	0	101.329	0	0	0	0	0	0	60.3356	40.8443	0	0	58.9844	46.2765	0	0	0	21.9191
P105-PWY: TCA cycle IV (2-oxoglutarate decarboxylase)	35.4943	287.273	28.6932	164.724	0	43.6389	14.0866	44.3922	0	47.884	46.4638	108.881	52.9978	58.0807	46.6895	52.1571	72.4888	163.813	26.8676	46.9064
P108-PWY: pyruvate fermentation to propanoate I	28.0633	33.2748	23.8157	54.1956	0	7.54642	51.2822	50.972	0	0	19.5805	80.6718	0	25.6038	12.8705	21.0058	96.0505	78.9416	57.1808	91.9753
P122-PWY: heterolactic fermentation	123.047	140.35	123.007	107.805	200.922	206.627	27.2001	116.873	128.644	68.4348	84.1041	160.013	729.893	257.08	105.241	145.073	65.6055	93.6411	66.9869	103.83
P124-PWY: Bifidobacterium shunt	0	0	0	0	55.601	20.559	0	0	159.893	39.1373	0	120.583	969.232	400.846	96.1143	32.3914	0	0	172.445	88.5869
P125-PWY: superpathway of (R,R)-butanediol biosynthesis	0	0	0	0	81.9589	47.374	0	0	62.4935	196.133	0	0	0	35.2597	0	0	0	0	0	0
P161-PWY: acetylene degradation	122.104	359.195	303.931	191.804	297.661	242.212	168.187	199.773	411.435	445.492	430.8	347.28	81.1083	193.442	265.608	290.729	217.129	184.071	168.768	104.569
P162-PWY: L-glutamate degradation V (via hydroxyglutarate)	0	0	50.5837	0	0	0	0	81.1402	0	0	16.0382	0	0	0	63.1819	27.5622	150.857	76.797	14.4243	57.8642
P163-PWY: L-lysine fermentation to acetate and butanoate	21.056	0	43.9194	29.9972	0	0	26.0631	0	0	0	52.806	38.1772	7.97967	31.4809	25.8072	27.0552	0	0	52.7472	61.6467
P164-PWY: purine nucleobases degradation I (anaerobic)	0	24.9501	199.144	148.097	132.783	181.476	132.562	134.941	284.873	0	222.436	92.2404	0	215.464	127.243	127.451	259.574	328.647	117.116	108.374
P165-PWY: superpathway of purines degradation in plants	0	0	0	0	0	0	0	0	0	0	0	0	0	0	0	0	0	0	0	0
P185-PWY: formaldehyde assimilation III (dihydroxyacetone cycle)	82.8947	44.5831	36.604	0	164.512	39.9968	20.0639	5.55072	106.025	120.65	44.3371	329.506	0	133.738	223.278	297.583	20.3237	0	26.9296	34.6102
P221-PWY: octane oxidation	22.4174	44.0597	0	4.2422	0	0	0	0	0	0	135.27	64.3851	0	0	13.2297	65.3579	59.9101	25.4676	95.5682	70.6316
P23-PWY: reductive TCA cycle I	31.6208	18.3966	31.7523	53.0549	0	8.04294	11.4637	46.8498	0	0	0	0	0	0	0	11.8545	43.579	58.603	7.86104	0
P241-PWY: coenzyme B biosynthesis	0	0	0	0	0	0	0	0	0	0	0	0	0	0	0	0	0	0	22.2913	6.43862
P261-PWY: coenzyme M biosynthesis I	0	0	0	0	0	0	0	0	0	0	0	0	0	0	0	0	0	0	22.2594	8.5129
P4-PWY: superpathway of L-lysine, L-threonine and L-methionine biosynthesis I	77.1035	313.839	105.2	169.898	67.8221	140.481	81.396	101.464	96.8928	173.091	161.205	226.581	189.681	252.829	199.201	146.988	124.289	140.279	210.909	120.186
P42-PWY: incomplete reductive TCA cycle	29.8033	18.2674	39.668	72.4104	0	35.6758	11.1034	43.7992	0	52.5613	26.2441	104.902	12.3636	8.58088	14.9643	41.4685	60.3543	67.4956	86.5521	85.1205
P441-PWY: superpathway of N-acetylneuraminate degradation	152.257	343.53	192.842	205.103	0	94.5595	103.013	181.988	0	168.673	144.03	203.079	63.567	81.7849	191.958	130.108	157.01	210.234	120.271	72.1837
P461-PWY: hexitol fermentation to lactate, formate, ethanol and acetate	77.6325	451.107	67.3062	199.689	64.2239	83.3004	43.0798	70.6879	216.576	190.346	58.2205	444.44	55.4845	106.418	271.327	510.107	79.2684	229.545	61.5949	18.1205
P562-PWY: myo-inositol degradation I	0	17.0698	0	8.53302	0	0	0	0	0	0	0	81.7585	0	0	0	0	0	0	12.7421	0
P621-PWY: nylon-6 oligomer degradation	0	0	0	11.4193	0	0	0	0	0	0	0	0	0	0	0	0	0	0	0	0
PANTO-PWY: phosphopantothenate biosynthesis I	399.091	248.671	72.0477	194.654	230.396	270.395	372.23	295.673	176.337	47.7206	308.954	288.104	34.6618	217.761	266.45	402.854	392.995	357.096	198.914	302.352
PANTOSYN-PWY: pantothenate and coenzyme A biosynthesis I	348.725	189.315	60.7157	202.39	197.271	238.937	343.043	238.335	136.012	51.634	321.749	290.668	54.9574	233.719	270.294	353.583	324.987	291.452	218.711	286.007
PENTOSE-P-PWY: pentose phosphate pathway	371.153	413.687	239.318	196.779	242.792	309.679	277.044	342.752	199.921	312.951	153.58	293.105	725.517	409.394	182.248	182.368	174.489	193.405	186.625	231.124
PEPTIDOGLYCANSYN-PWY: peptidoglycan biosynthesis I (meso-diaminopimelate containing)	452.207	295.697	317.961	268.512	261.388	336.325	382.751	346.752	247.645	213.298	374.169	407.591	743.705	423.915	454.023	491.668	420.429	355.817	399.557	395.261
PHOSLIPSYN-PWY: superpathway of phospholipid biosynthesis I (bacteria)	184.247	367.098	139.469	306.383	13.665	67.6357	68.4317	145.246	0	64.8874	212.711	231.814	71.8308	59.6378	255.152	167.458	171.686	219.91	73.5968	104.292
POLYAMINSYN3-PWY: superpathway of polyamine biosynthesis II	0	0	0	26.026	0	0	0	11.0353	0	0	15.8517	0	0	0	40.973	31.6773	13.6142	9.08766	7.32681	17.1943
POLYAMSYN-PWY: superpathway of polyamine biosynthesis I	31.361	276.465	58.0005	125.085	0	22.4055	19.6783	56.2153	0	55.5329	90.9313	74.4106	21.9815	19.6531	57.6498	62.3871	142.497	183.907	67.2178	17.3402
POLYISOPRENSYN-PWY: polyisoprenoid biosynthesis (E. coli)	45.7233	197.974	25.7395	71.8869	0	16.3806	8.67509	19.9246	0	42.7619	44.5404	67.1301	0	0	26.0322	13.1697	58.2974	83.9101	0	0
PPGPPMET-PWY: ppGpp biosynthesis	20.8966	152.3	37.4256	94.2315	153.265	67.4856	38.2268	35.756	127.523	220.521	35.3857	120.808	0	0	13.0187	0	68.2452	11.3966	17.8903	52.0389
PROPFERM-PWY: L-alanine fermentation to propanoate and acetate	0	0	19.4089	22.7815	25.3165	16.3623	0	15.5591	0	0	0	0	0	86.5161	0	12.1814	32.9798	25.8614	18.7873	15.4889
PROTOCATECHUATE-ORTHO-CLEAVAGE-PWY: protocatechuate degradation II (ortho-cleavage pathway)	0	49.5658	0	0	0	0	0	0	0	10.7582	3.27753	43.4303	0	0	0	0	0	0	0	27.4881
PRPP-PWY: superpathway of histidine, purine, and pyrimidine biosynthesis	134.431	245.273	52.5998	164.796	0	153.365	127.858	105.401	0	129.007	135.681	198.452	82.2868	255.463	117.073	119.593	58.7394	252.005	156.032	136.315
PWY-101: photosynthesis light reactions	0	0	0	0	0	0	0	0	0	0	0	0	0	0	0	0	0	4.35695	0	0
PWY-1042: glycolysis IV (plant cytosol)	737.846	601.417	423.549	462.576	581.842	609.133	680.701	694.689	507.272	605.689	544.643	600.847	287.171	545.841	694.67	715.196	634.703	426.717	579.646	709.39
PWY-1269: CMP-3-deoxy-D-manno-octulosonate biosynthesis I	61.4373	390.877	13.6234	125.954	0	50.9032	103.786	108.615	0	31.9096	48.9827	71.1285	23.692	41.7751	30.7473	30.1007	299.625	322.596	54.6057	52.992
PWY-1361: benzoyl-CoA degradation I (aerobic)	0	0	0	0	0	0	0	0	0	0	0	0	0	0	14.1139	0	0	0	0	0
PWY-1541: superpathway of taurine degradation	0	0	0	0	0	0	0	0	0	0	0	0	0	0	0	0	0	0	0	0
PWY-1861: formaldehyde assimilation II (RuMP Cycle)	0	56.7027	0	22.7609	49.3316	14.581	0	84.6687	48.5012	200.099	0	286.327	23.8608	97.2125	112.087	244.389	0	65.2281	43.8004	43.748
PWY-2221: Entner-Doudoroff pathway III (semi-phosphorylative)	0	0	0	15.6413	0	0	0	0	0	0	24.8591	0	0	0	0	0	0	0	0	0
PWY-241: C4 photosynthetic carbon assimilation cycle, NADP-ME type	23.8314	85.8303	42.4673	98.8416	6.50697	34.1709	0	18.1366	0	0	73.0705	15.5583	26.0413	46.645	67.9073	35.8471	75.0468	78.4701	58.3221	19.7048
PWY-2723: trehalose degradation V	21.505	212.064	29.6081	48.079	0	30.3827	16.8863	22.7667	0	44.2778	30.5928	178.623	123.619	31.9492	81.0076	28.4955	30.4192	72.6448	157.841	78.2293
PWY-2941: L-lysine biosynthesis II	344.721	28.2835	76.5702	146.635	286.822	314.96	191.077	240.194	300.336	273.701	216.336	143.402	68.011	131.147	125.059	174.202	111.761	0	92.5584	145.912
PWY-2942: L-lysine biosynthesis III	474.265	358.836	261.475	266.801	299.679	360.801	323.648	361.642	321.843	323.461	376.383	449.078	1164.1	572.828	421.194	457.351	463.164	283.059	383.632	324.641
PWY-3001: superpathway of L-isoleucine biosynthesis I	153.878	453.454	322.22	268.69	170.182	202.222	237.272	230.95	245.152	231.845	352.464	421.735	1245.03	632.619	375.355	374.345	346.302	240.758	351.17	250.726
PWY-3781: aerobic respiration I (cytochrome c)	22.9915	20.3051	32.0479	20.6472	10.8369	19.3833	0	23.3726	2.41996	7.81248	10.2705	32.3211	0	0	0	0	17.3139	12.6742	0	123.551
PWY-3801: sucrose degradation II (sucrose synthase)	0	0	0	0	0	0	0	0	0	0	0	0	0	0	0	0	48.8692	0	0	0
PWY-3841: folate transformations II	445.595	223.251	266.001	275.767	323.192	352.254	378.954	349.581	295.137	245.857	368.318	385.942	679.01	470.716	427.357	475.004	359.726	253.911	401.113	421.044
PWY-4041: &gamma;-glutamyl cycle	87.4137	350.95	40.5621	124.261	0	14.9594	84.9764	45.4635	0	50.9391	49.3053	121.62	11.9611	46.1816	41.6869	34.2888	71.889	151.727	55.1877	66.5957
PWY-4242: pantothenate and coenzyme A biosynthesis III	324.356	172.622	142.598	243.652	199.139	224.121	278.003	224.495	220.619	82.8937	345.752	307.177	582.638	398.749	332.611	336.305	312.596	269.203	275.976	295.349
PWY-4321: L-glutamate degradation IV	0	38.0247	0	0	0	0	0	0	0	0	0	0	0	0	0	0	0	0	0	0
PWY-4702: phytate degradation I	39.9709	298.954	14.513	103.835	0	30.1993	19.723	63.9494	0	0	31.4233	9.97146	7.46954	16.6056	10.0326	31.7581	34.0376	132.688	0	0
PWY-4981: L-proline biosynthesis II (from arginine)	137.588	299.364	75.1182	96.8496	192.936	134.136	153.897	66.9612	212.278	419.401	35.6938	180.613	70.203	66.6038	52.0328	108.373	70.8506	167.348	212.241	135.442
PWY-4984: urea cycle	101.778	0	52.216	0	8.74417	0	18.7024	0	0	0	42.3361	31.4242	14.9892	37.817	15.5375	35.7417	19.1661	11.6355	14.6135	16.838
PWY-5004: superpathway of L-citrulline metabolism	0	0	0	0	0	0	0	0	0	0	0	0	0	0	5.52232	0	0	0	0	21.695
PWY-5005: biotin biosynthesis II	0	0	0	0	0	0	0	0	0	0	16.8387	0	0	19.7604	24.7856	0	70.2655	54.7935	41.3143	23.7749
PWY-5022: 4-aminobutanoate degradation V	71.0726	120.673	90.3718	143.465	0	50.1539	77.6624	115.678	56.312	51.0907	145.866	168.46	50.6762	67.7296	76.626	88.2867	31.7808	126.666	222.95	125.565
PWY-5030: L-histidine degradation III	390.344	0	29.8021	77.2301	159.489	237.225	224.584	246.821	0	0	34.7696	37.1434	0	73.289	98.7464	95.6201	143.478	84.3352	95.0671	215.364
PWY-5044: purine nucleotides degradation I (plants)	0	0	0	0	0	0	0	0	0	0	0	0	0	0	0	0	0	0	0	0
PWY-5083: NAD/NADH phosphorylation and dephosphorylation	34.555	34.787	57.3918	80.6354	0	25.7309	50.0235	130.203	0	12.3153	61.3499	90.5985	20.6912	31.7158	2.04384	7.28257	42.717	73.613	20.3123	31.655
PWY-5088: L-glutamate degradation VIII (to propanoate)	15.514	0	0	0	0	0	0	0	0	0	0	0	0	0	0	12.6096	0	0	9.04433	0
PWY-5097: L-lysine biosynthesis VI	452.991	339.629	328.713	245.683	294.756	320.442	314.18	241.922	310.842	226.233	407.546	447.272	1089.35	588.554	470.394	472.506	392.007	281.064	386.084	321.817
PWY-5100: pyruvate fermentation to acetate and lactate II	139.252	221.304	290.029	247.631	324.885	341.321	184.466	225.482	456.075	407.959	381.245	410.156	132.407	271.366	329.923	330.827	209.847	148.8	227.59	194.589
PWY-5101: L-isoleucine biosynthesis II	38.0392	64.918	85.9959	37.4846	52.0867	48.2646	239.654	55.14	152.184	84.359	334.198	102.814	81.9899	51.5402	186.863	216.462	123.348	54.349	128.701	110.048
PWY-5103: L-isoleucine biosynthesis III	177.615	504.811	437.094	295.444	157.321	193.914	351.682	242.573	208.188	176.603	449.991	507.381	1222.93	689.723	650.33	583.576	410.379	400.662	436.8	349.711
PWY-5104: L-isoleucine biosynthesis IV	66.4701	351.631	292.993	163.627	134.027	153.888	92.3364	126.508	169.216	241.872	148.87	188.011	147.386	115.296	234.822	239.967	59.1409	175.822	184.354	116.57
PWY-5121: superpathway of geranylgeranyl diphosphate biosynthesis II (via MEP)	11.5034	0	0	0	0	0	13.1933	0	0	0	52.2152	0	0	0	0	0	138.816	76.4021	0	0
PWY-5136: fatty acid &beta;-oxidation II (peroxisome)	111.473	390.963	62.9204	168.97	0	38.2488	29.4721	72.8847	0	28.7049	65.1278	155.16	30.442	25.7859	72.9688	66.3677	60.6935	109.937	28.7549	66.0819
PWY-5138: unsaturated, even numbered fatty acid &beta;-oxidation	43.3385	224.071	16.6598	64.9683	24.2653	10.4959	25.5441	50.5814	0	18.3713	40.3694	105.006	11.3301	32.8786	29.9804	27.0316	31.3417	69.4632	0	54.4412
PWY-5154: L-arginine biosynthesis III (via N-acetyl-L-citrulline)	198.457	316.62	92.9117	245.49	173.61	237.183	246.754	213.693	50.5772	67.009	206.677	214.564	37.9424	244.502	107.284	134.906	246.909	185	130.355	241.329
PWY-5173: superpathway of acetyl-CoA biosynthesis	18.0987	247.725	25.6657	71.241	56.6047	16.4931	0	71.6557	33.766	31.7034	40.682	62.0104	43.0317	33.8377	29.9678	15.1614	36.0381	64.1783	10.9735	30.5699
PWY-5177: glutaryl-CoA degradation	104.991	70.2083	137.863	140.242	26.336	41.5129	36.9695	161.749	0	63.3456	156.895	114.654	39.7298	42.0889	193.012	270.64	145.393	118.476	79.6688	110.359
PWY-5180: toluene degradation I (aerobic) (via o-cresol)	0	0	0	0	0	0	0	0	0	0	0	33.8812	0	0	0	0	0	0	0	0
PWY-5181: toluene degradation III (aerobic) (via p-cresol)	0	19.9452	0	0	0	0	0	0	0	0	0	0	0	0	0	0	0	0	0	21.8893
PWY-5182: toluene degradation II (aerobic) (via 4-methylcatechol)	0	0	0	0	0	0	0	0	0	0	0	33.8812	0	0	0	0	0	0	0	0
PWY-5188: tetrapyrrole biosynthesis I (from glutamate)	52.7672	362.028	146.736	142.752	27.5322	77.6385	141.385	122.911	180.97	132.549	161.853	197.198	73.9881	112.323	202.876	258.102	229.261	250.808	158.937	140.844
PWY-5189: tetrapyrrole biosynthesis II (from glycine)	26.2893	193.338	14.0212	79.1081	0	29.759	16.2043	38.6851	0	43.6278	36.1462	98.2314	25.286	38.4434	14.7914	20.0713	104.271	128.677	0	43.8969
PWY-5198: factor 420 biosynthesis	0	0	0	0	0	0	0	0	0	0	0	0	0	0	0	0	0	0	9.28616	0
PWY-5265: peptidoglycan biosynthesis II (staphylococci)	0	0	126.445	0	62.8845	199.114	0	108.768	238.349	217.599	0	0	0	0	0	0	0	0	0	0
PWY-5304: superpathway of sulfur oxidation (Acidianus ambivalens)	0	0	0	0	0	0	0	0	0	0	0	0	0	0	0	0	0	0	0	20.1208
PWY-5345: superpathway of L-methionine biosynthesis (by sulfhydrylation)	67.5423	229.97	37.1285	122.296	0	92.361	74.5169	60.464	0	78.7946	85.555	146.884	35.9172	48.9824	89.7343	70.9831	138.994	193.702	67.7529	53.1195
PWY-5347: superpathway of L-methionine biosynthesis (transsulfuration)	143.649	479.585	131.931	269.001	186.418	215.239	150.067	187.72	118.841	226.342	220.034	341.222	319.155	366.374	333.989	323.12	287.361	257.897	251.285	189.12
PWY-5367: petroselinate biosynthesis	14.8896	102.849	8.23724	25.8394	0	7.77332	0	15.1969	0	8.33223	24.9629	83.0956	134.433	42.7606	0	0	0	55.8037	0	0
PWY-5384: sucrose degradation IV (sucrose phosphorylase)	16.1066	202.929	98.2083	59.1528	21.3332	27.0074	19.4966	59.8402	12.9113	44.6958	74.8395	160.556	684.704	196.352	104.712	113.306	44.119	91.1597	120.822	61.5393
PWY-5392: reductive TCA cycle II	24.5871	11.9231	0	25.3032	0	7.06188	0	31.8736	0	0	0	0	0	0	0	10.4773	11.8589	17.2483	7.6294	0
PWY-5415: catechol degradation I (meta-cleavage pathway)	0	0	0	0	0	0	0	0	0	0	0	30.7514	0	0	0	0	0	0	0	0
PWY-5417: catechol degradation III (ortho-cleavage pathway)	0	30.9053	0	0	0	0	0	0	0	0	4.74737	28.8723	0	0	0	0	0	0	0	15.5029
PWY-5431: aromatic compounds degradation via &beta;-ketoadipate	0	30.9053	0	0	0	0	0	0	0	0	4.74737	28.8723	0	0	0	0	0	0	0	15.5029
PWY-5464: superpathway of cytosolic glycolysis (plants), pyruvate dehydrogenase and TCA cycle	0	115.043	0	133.841	0	0	0	0	0	0	24.7241	56.4289	0	0	59.2755	30.3736	73.2772	0	31.9515	0
PWY-5484: glycolysis II (from fructose 6-phosphate)	469.988	319.224	223.236	265.214	400.535	381.783	440.348	455.804	344.007	218.372	292.991	350.203	231.117	406.62	253.382	268.879	480.978	338.18	321.468	426.116
PWY-5505: L-glutamate and L-glutamine biosynthesis	0	0	0	0	0	0	0	0	0	0	7.79976	0	0	0	0	0	22.7164	21.6982	14.4184	14.8862
PWY-5509: adenosylcobalamin biosynthesis from cobyrinate a,c-diamide I	0	131.314	0	0	0	0	0	0	0	32.9408	46.9088	125.532	0	0	0	0	18.8755	32.0898	0	0
PWY-561: superpathway of glyoxylate cycle and fatty acid degradation	36.2914	290.137	33.4385	135.062	0	38.4098	14.802	45.5462	0	32.4375	20.3062	107.266	33.2573	30.0749	29.5181	51.2461	42.4215	121.12	16.5593	34.934
PWY-5656: mannosylglycerate biosynthesis I	9.40823	131.978	4.04073	38.9288	0	11.3962	25.368	5.40751	0	23.5457	32.7067	15.3751	5.53542	6.75975	14.7461	12.9926	12.9681	54.9492	0	0
PWY-5659: GDP-mannose biosynthesis	200.044	274.981	26.458	134.919	178.184	267.646	215.834	276.738	0	40.8521	89.9008	204.69	121.52	218.848	88.8346	126.457	152.609	185.859	33.8082	201.706
PWY-5667: CDP-diacylglycerol biosynthesis I	230.548	515.337	263.024	379.052	61.7176	77.2115	123.773	140.79	56.7404	103.93	394.184	350.051	58.4023	230.092	535.176	415.483	189.154	388.128	393.152	363.33
PWY-5675: nitrate reduction V (assimilatory)	34.4998	308.401	34.7635	128.949	0	29.4795	3.22519	56.765	0	0	65.3392	59.4711	17.0599	27.4448	88.027	48.0337	41.8246	105.494	23.6894	55.3071
PWY-5676: acetyl-CoA fermentation to butanoate II	92.9368	34.1423	169.081	101.144	17.5995	86.5544	66.4399	159.246	342.004	170.356	230.61	308.279	67.4883	146.007	195.737	271.427	129.044	160.572	85.1151	86.2486
PWY-5677: succinate fermentation to butanoate	30.824	0	84.2491	38.9921	0	0	0	32.5134	66.4849	0	138.242	117.449	20.0135	59.2857	53.4187	86.0018	58.7178	40.5953	38.13	38.6483
PWY-5686: UMP biosynthesis	296.807	272.591	312.691	245.177	254.468	230.4	353.215	253.339	297.291	341.5	407.732	402.645	921.027	529.163	474.785	482.128	460.921	346.332	372.041	349.118
PWY-5690: TCA cycle II (plants and fungi)	36.9435	253.081	29.7948	193.134	24.0271	46.8373	12.2479	38.9153	0	45.571	14.2683	132.051	93.6754	113.775	149.827	51.4646	133.502	188.988	145.525	129.323
PWY-5692: allantoin degradation to glyoxylate II	0	32.8492	0	5.42163	0	3.5689	0	0	0	0	0	14.4555	0	0	0	0	0	5.55061	0	0
PWY-5695: urate biosynthesis/inosine 5'-phosphate degradation	579.563	490.813	219.184	347.172	388.612	445.992	395.702	430.981	289.661	390.148	282.057	433.628	220.91	357.338	359.924	477.563	299.814	440.637	378.159	425.897
PWY-5705: allantoin degradation to glyoxylate III	0	45.0771	0	23.0702	0	3.5689	0	0	0	0	7.46313	29.7188	0	0	0	9.81733	0	33.1161	4.2257	0
PWY-5723: Rubisco shunt	44.9787	404.263	67.0127	198.805	0	0	0	56.0742	0	74.2301	145.714	174.425	0	15.6692	47.4204	22.465	48.4831	120.187	0	0
PWY-5747: 2-methylcitrate cycle II	10.5016	191.255	20.6794	50.8865	0	17.9403	20.5689	32.8898	0	26.1958	17.5014	30.2884	10.1621	0	5.70553	12.5345	13.4895	77.4115	0	22.8175
PWY-5751: phenylethanol biosynthesis	0	0	0	0	0	0	0	0	0	0	0	0	0	0	0	0	0	0	0	0
PWY-5791: 1,4-dihydroxy-2-naphthoate biosynthesis II (plants)	15.7337	158.179	11.9948	34.7464	61.8517	58.1248	8.24566	26.8613	42.9266	189.984	34.4474	69.1783	10.9507	29.0364	10.6613	6.40336	89.7565	122.093	7.75196	0
PWY-5823: superpathway of CDP-glucose-derived O-antigen building blocks biosynthesis	0	0	0	0	0	0	0	0	0	0	0	0	0	0	0	0	15.7138	15.3998	0	15.9535
PWY-5837: 1,4-dihydroxy-2-naphthoate biosynthesis I	15.7337	158.179	11.9948	34.7464	61.8517	58.1248	8.24566	26.8613	42.9266	189.984	34.4474	69.1783	10.9507	29.0364	10.6613	6.40336	89.7565	122.093	7.75196	0
PWY-5838: superpathway of menaquinol-8 biosynthesis I	48.5211	248.855	24.554	77.9814	0	54.9472	21.8143	66.5154	0	71.7461	53.0896	100.963	26.401	27.9419	27.433	18.3065	106.727	177.376	22.0914	0
PWY-5840: superpathway of menaquinol-7 biosynthesis	24.2206	194.542	19.8772	43.0287	25.3948	0	0	57.8155	0	77.2577	28.7776	94.8138	0	0	21.6019	10.9375	0	47.7568	16.9343	0
PWY-5845: superpathway of menaquinol-9 biosynthesis	24.2206	194.542	19.8772	43.0287	0	0	0	57.8155	0	48.3691	28.7776	94.8138	0	0	0	10.9375	0	47.7568	0	0
PWY-5850: superpathway of menaquinol-6 biosynthesis I	24.2206	194.542	19.8772	43.0287	0	0	0	57.8155	0	48.3691	28.7776	94.8138	0	0	0	10.9375	0	47.7568	0	0
PWY-5855: ubiquinol-7 biosynthesis (prokaryotic)	5.43737	61.8494	0	15.4388	0	5.02762	0	0	0	0	17.9279	61.9756	0	0	3.48647	0	0	18.2567	0	19.2128
PWY-5856: ubiquinol-9 biosynthesis (prokaryotic)	5.43737	61.8494	0	15.4388	0	5.02762	0	0	0	0	17.9279	61.9756	0	0	3.48647	0	0	18.2567	0	19.2128
PWY-5857: ubiquinol-10 biosynthesis (prokaryotic)	5.43737	61.8494	0	15.4388	0	5.02762	0	0	0	0	17.9279	61.9756	0	0	3.48647	0	0	18.2567	0	19.2128
PWY-5860: superpathway of demethylmenaquinol-6 biosynthesis I	16.555	161.584	15.6368	31.6059	0	0	0	42.5198	0	36.6151	21.5078	86.7176	0	0	0	7.51629	0	35.3371	0	0
PWY-5861: superpathway of demethylmenaquinol-8 biosynthesis	34.0272	221.931	20.1701	62.443	0	40.2897	14.9058	49.6894	0	58.1169	44.1989	94.6238	22.1196	22.6602	19.7239	12.8469	109.058	187.043	15.9333	0
PWY-5862: superpathway of demethylmenaquinol-9 biosynthesis	16.555	161.584	15.6368	31.6059	0	0	0	42.5198	0	36.6151	21.5078	86.7176	0	0	0	7.51629	0	35.3371	0	0
PWY-5863: superpathway of phylloquinol biosynthesis	8.45217	106.425	9.29923	17.2302	0	0	0	23.0443	0	26.9445	23.6522	58.7169	0	24.8718	0	3.94025	88.6622	92.1224	0	0
PWY-5896: superpathway of menaquinol-10 biosynthesis	24.2206	194.542	19.8772	43.0287	0	0	0	57.8155	0	48.3691	28.7776	94.8138	0	0	0	10.9375	0	47.7568	0	0
PWY-5897: superpathway of menaquinol-11 biosynthesis	43.4114	242.983	23.6667	74.1412	98.6819	113.393	23.5319	65.6128	0	94.4354	55.0305	103.215	25.9771	53.7545	27.0215	16.9815	125.5	176.589	20.6581	0
PWY-5898: superpathway of menaquinol-12 biosynthesis	43.4114	242.983	23.6667	74.1412	98.6819	113.393	23.5319	65.6128	0	94.4354	55.0305	103.215	25.9771	53.7545	27.0215	16.9815	125.5	176.589	20.6581	0
PWY-5899: superpathway of menaquinol-13 biosynthesis	43.4114	242.983	23.6667	74.1412	98.6819	113.393	23.5319	65.6128	0	94.4354	55.0305	103.215	25.9771	53.7545	27.0215	16.9815	125.5	176.589	20.6581	0
PWY-5910: superpathway of geranylgeranyldiphosphate biosynthesis I (via mevalonate)	0	0	0	0	0	0	0	0	0	0	0	0	0	0	0	0	0	0	0	0
PWY-5913: TCA cycle VI (obligate autotrophs)	53.8259	395.873	54.7697	137.974	5.75864	33.2771	22.3585	43.7359	0	38.5022	90.7806	219.123	1344.21	499.138	139.464	80.3371	101.964	170.711	159.398	59.3647
PWY-5918: superpathay of heme biosynthesis from glutamate	39.1267	252.233	24.7938	97.4186	0	39.2323	14.6735	46.8022	0	86.8224	50.9726	116.752	28.9138	28.9963	19.3269	59.5418	121.635	139.882	0	37.6563
PWY-5920: superpathway of heme biosynthesis from glycine	29.3817	173.868	0	0	0	0	0	27.9667	0	54.6795	33.5677	39.057	18.4821	17.4884	11.95	26.3308	46.4927	90.0386	0	13.2253
PWY-5941: glycogen degradation II (eukaryotic)	255.239	0	0	218.546	152.837	198.712	155.145	214.194	0	0	147.051	87.2174	11.0575	245.673	45.4339	0	157.815	194.837	145.563	324.885
PWY-5971: palmitate biosynthesis II (bacteria and plants)	46.8581	428.318	11.8071	136.018	0	104.258	0	35.7817	0	173.345	79.2535	228.731	168.365	67.3495	0	0	0	143.249	0	0
PWY-5973: cis-vaccenate biosynthesis	45.8716	394.959	10.1577	116.191	218.593	133.858	155.969	25.4979	231.977	334.192	73.1544	233.653	135.816	97.8812	198.46	274.433	51.5861	107.055	25.0646	173.831
PWY-5989: stearate biosynthesis II (bacteria and plants)	43.0557	354.107	11.3074	114.361	12.7278	109.203	131.48	26.7103	0	78.7684	66.6523	202.498	171.163	58.4843	103.643	69.2267	51.7031	105.628	27.6546	113.48
PWY-5994: palmitate biosynthesis I (animals and fungi)	0	0	0	0	0	0	0	0	0	0	0	81.6292	0	0	0	0	0	0	0	0
PWY-6060: malonate degradation II (biotin-dependent)	0	14.0977	0	11.1824	0	0	0	0	0	12.2354	0	0	0	0	0	0	0	0	21.3734	14.8203
PWY-6071: superpathway of phenylethylamine degradation	0	10.381	0	11.1635	0	0	0	0	0	0	4.7604	22.1513	0	0	0	0	0	0	0	0
PWY-6113: superpathway of mycolate biosynthesis	46.5672	0	13.4666	116.776	0	66.4438	0	37.99	0	0	76.3397	209.349	163.126	67.9335	0	0	0	141.216	0	0
PWY-6121: 5-aminoimidazole ribonucleotide biosynthesis I	362.612	405.989	222.681	270.19	304.928	334.947	309.176	259.201	353.855	374.919	402.947	341.121	560.728	324.021	425.507	449.541	436.212	394.671	346.755	347.143
PWY-6122: 5-aminoimidazole ribonucleotide biosynthesis II	436.002	406.141	364.968	316.334	345.117	380.822	321.278	332.267	366.769	413.486	419.366	405.498	748.519	462.94	500.21	495.397	437.306	405.699	434.789	362.427
PWY-6123: inosine-5'-phosphate biosynthesis I	362.659	245.923	69.6705	212.078	224.883	257.924	309.312	245.615	228.149	222.716	204.336	208.089	789.24	395.024	131.531	151.258	315.305	209.901	208.215	240.258
PWY-6124: inosine-5'-phosphate biosynthesis II	349.919	148.539	61.2197	192.109	217.475	246.969	296.579	237.792	217.341	211.215	189.824	192.256	749.109	378.522	164.212	205.024	304.262	199.842	160.919	224.636
PWY-6125: superpathway of guanosine nucleotides de novo biosynthesis II	370.849	263.72	48.4356	170.427	315.384	327.902	328.209	246.932	334.562	240.672	241.378	201.096	46.393	209.79	102.906	204.289	409.675	300.195	167.523	275.718
PWY-6126: superpathway of adenosine nucleotides de novo biosynthesis II	326.236	331.978	395.861	370.085	297.826	300.155	333.124	274.124	302.064	373.597	432.088	426.635	883.849	594.374	591.191	518.612	459.16	342.859	547.183	381.522
PWY-6138: CMP-N-acetylneuraminate biosynthesis I (eukaryotes)	0	0	0	0	0	0	7.27953	4.00877	0	0	0	0	0	0	0	0	0	0	0	0
PWY-6145: superpathway of sialic acids and CMP-sialic acids biosynthesis	0	0	0	0	0	0	0	0	0	0	0	0	0	0	0	0	7.76229	30.245	0	0
PWY-6147: 6-hydroxymethyl-dihydropterin diphosphate biosynthesis I	14.1926	155.84	7.95347	80.3249	46.6903	62.9643	31.4835	24.4738	51.6167	126.417	42.3167	85.438	15.5094	62.8869	19.705	12.1307	99.6245	110.285	41.5671	77.445
PWY-6148: tetrahydromethanopterin biosynthesis	0	0	0	0	0	0	0	0	0	0	0	0	0	0	0	0	0	0	8.24793	0
PWY-6151: S-adenosyl-L-methionine cycle I	197.267	225.635	285.872	293.122	231.65	220.929	247.049	151.864	379.619	374.924	348.474	349.359	893.382	485.856	388.613	312.877	158.786	206.068	308.154	320.703
PWY-6163: chorismate biosynthesis from 3-dehydroquinate	407.619	281.346	303.587	240.892	295.186	345.733	339.264	333.196	318.879	291.774	403.784	415.523	408.372	414.937	537.622	554.63	369.993	291.452	380.087	402.601
PWY-6165: chorismate biosynthesis II (archaea)	0	0	0	0	0	0	0	0	0	0	0	0	0	0	0	0	0	0	35.2449	7.60917
PWY-6167: flavin biosynthesis II (archaea)	0	0	0	0	0	0	0	0	0	0	0	0	0	0	0	0	0	0	25.1709	12.7338
PWY-6168: flavin biosynthesis III (fungi)	63.8778	158.287	16.7539	102.623	127.386	137.932	0	35.696	147.153	235.612	74.8294	237.123	7.75142	147.854	45.899	12.089	310.383	263.066	158.98	133.767
PWY-6182: superpathway of salicylate degradation	0	15.9296	0	0	0	0	0	0	0	0	3.96916	0	0	0	0	0	0	0	0	13.7162
PWY-6185: 4-methylcatechol degradation (ortho cleavage)	0	14.7389	0	0	0	0	0	0	0	0	3.72788	0	0	0	0	0	0	0	0	15.3911
PWY-6215: 4-chlorobenzoate degradation	0	30.8792	0	0	0	0	0	0	0	0	0	0	0	0	0	0	0	0	0	0
PWY-621: sucrose degradation III (sucrose invertase)	30.06	248.853	105.638	176.198	163.482	88.0944	111.166	140.143	133.659	89.6894	93.2847	251.895	125.078	107.784	174.236	158.925	140.996	90.3731	85.0497	108.407
PWY-622: starch biosynthesis	0	0	0	0	0	0	0	0	0	0	0	0	237.823	80.1685	0	0	0	0	0	86.221
PWY-6269: adenosylcobalamin salvage from cobinamide II	48.6222	134.372	0	0	0	0	0	0	0	34.6392	64.3002	138.874	0	0	0	0	66.8379	40.385	0	0
PWY-6270: isoprene biosynthesis I	21.9638	0	0	0	0	0	20.3624	0	0	0	62.8764	0	0	0	0	0	174.239	65.1262	0	17.6788
PWY-6277: superpathway of 5-aminoimidazole ribonucleotide biosynthesis	436.002	406.141	364.968	316.334	345.117	380.822	321.278	332.267	366.769	413.486	419.366	405.498	748.519	462.94	500.21	495.397	437.306	405.699	434.789	362.427
PWY-6282: palmitoleate biosynthesis I (from (5Z)-dodec-5-enoate)	40.5973	424.308	10.1375	124.625	12.7993	105.841	138.2	29.4876	0	188.695	69.7623	217.146	158.047	55.3282	101.908	69.0987	57.736	123.841	27.5714	122.638
PWY-6284: superpathway of unsaturated fatty acids biosynthesis (E. coli)	28.0186	233.443	10.2403	71.1626	0	22.3515	0	25.4892	0	33.7534	50.3063	145.883	148.741	56.1421	0	0	0	103.24	0	0
PWY-6285: superpathway of fatty acids biosynthesis (E. coli)	0	302.408	11.4895	96.0267	0	25.3371	0	31.1965	0	58.5667	63.8023	180.167	80.3769	57.5227	0	0	0	122.79	0	0
PWY-6305: putrescine biosynthesis IV	90.9579	411.299	90.8397	133.587	21.986	36.1883	29.856	94.0596	0	79.0683	57.5775	174.622	26.9666	44.6645	138.308	129.969	224.664	210.437	137.482	178.912
PWY-6309: L-tryptophan degradation XI (mammalian, via kynurenine)	0	0	0	0	0	0	0	0	0	0	0	65.7183	0	0	0	0	0	0	86.0154	13.479
PWY-6317: galactose degradation I (Leloir pathway)	87.5265	278.82	177.949	203.328	256.028	196.589	64.6683	127.176	162.405	290.084	334.728	299.808	212.771	209.98	312.183	293.222	117.702	129.188	223.063	242.724
PWY-6318: L-phenylalanine degradation IV (mammalian, via side chain)	0	41.0816	0	0	0	0	0	0	0	0	0	43.8105	0	0	0	0	9.65045	7.90592	0	27.7312
PWY-6339: syringate degradation	0	0	0	0	0	0	0	0	0	0	0	33.1923	0	0	0	0	0	0	0	0
PWY-6344: L-ornithine degradation II (Stickland reaction)	0	0	0	0	0	0	0	0	64.1033	0	0	0	0	0	0	0	0	0	31.0536	0
PWY-6353: purine nucleotides degradation II (aerobic)	235.444	377.7	137.44	185.722	97.044	212.325	110.078	225.899	120.286	281.685	242.823	248.244	135.701	216.028	207.07	147.041	239.424	287.715	161.865	53.0961
PWY-6383: mono-trans, poly-cis decaprenyl phosphate biosynthesis	0	0	0	0	0	0	0	0	0	0	0	39.6383	0	0	6.9318	3.74459	0	0	0	0
PWY-6385: peptidoglycan biosynthesis III (mycobacteria)	461.407	327.469	317.961	295.999	270.206	350.71	371.1	353.239	267.773	224.269	373.784	413.674	754.026	427.594	454.023	491.668	429.661	369.174	399.557	395.261
PWY-6386: UDP-N-acetylmuramoyl-pentapeptide biosynthesis II (lysine-containing)	460.972	288.851	351.715	279.678	276.993	352.987	366.041	326.204	296.298	267.913	400.681	436.392	768.007	428.131	503.44	540.895	362.013	301.718	425.299	407.244
PWY-6387: UDP-N-acetylmuramoyl-pentapeptide biosynthesis I (meso-diaminopimelate containing)	470.812	319.345	344.788	290.515	273.484	352.32	386.745	343.647	280.2	207.369	404.651	435.226	739.73	416.863	496.639	540.338	413.718	345.602	430.378	413.266
PWY-6396: superpathway of 2,3-butanediol biosynthesis	0	0	0	0	0	0	0	0	26.9965	11.5801	0	0	0	31.5737	0	0	0	0	0	0
PWY-6470: peptidoglycan biosynthesis V (&beta;-lactam resistance)	0	0	81.8557	27.8199	204.436	185.226	0	37.922	214.325	230.971	0	76.1718	0	0	34.3723	137.558	71.9703	27.661	63.4268	196.144
PWY-6471: peptidoglycan biosynthesis IV (Enterococcus faecium)	0	0	273.424	283.899	221.189	224.557	0	39.9915	229.002	284.139	0	146.775	0	0	230.335	309.213	169.811	33.0322	70.0317	239.752
PWY-6478: GDP-D-glycero-&alpha;-D-manno-heptose biosynthesis	12.1843	0	0	0	0	0	0	0	0	0	0	0	0	0	0	0	0	0	0	0
PWY-6507: 4-deoxy-L-threo-hex-4-enopyranuronate degradation	29.9573	208.882	53.2301	73.6182	40.8544	42.7357	43.6772	105.447	12.2044	46.7853	54.1464	142.424	10.3298	44.9078	117.478	89.6731	19.4437	47.198	25.1537	35.3268
PWY-6519: 8-amino-7-oxononanoate biosynthesis I	47.0279	391.73	13.3026	125.354	0	80.9304	104.234	33.876	0	87.0034	53.6845	127.704	37.5831	41.9861	79.7863	63.7985	58.233	132.447	31.2164	120.379
PWY-6527: stachyose degradation	82.5088	289.464	178.134	195.813	273.85	162.811	50.6842	105.037	71.0294	200.001	381.684	299.926	695.108	368.289	329.37	286.823	112.252	126.972	223.827	224.278
PWY-6531: mannitol cycle	10.748	130.493	21.3262	64.2699	0	21.0979	27.3078	38.6718	0	35.3969	32.4284	43.423	9.08467	10.3407	15.6723	15.5859	23.4954	94.3597	20.0334	0
PWY-6545: pyrimidine deoxyribonucleotides de novo biosynthesis III	65.7458	0	30.2866	64.0371	150.177	126.515	36.3981	0	140.684	185.26	62.8957	131.152	31.3432	120.479	49.2032	100.515	127.152	50.5118	99.1423	109.551
PWY-6549: L-glutamine biosynthesis III	0	52.8992	0	0	0	0	0	0	0	0	12.4522	36.2125	0	0	0	17.2687	47.3056	54.2364	46.1722	65.7683
PWY-6562: norspermidine biosynthesis	0	17.7752	0	0	0	0	0	0	0	0	0	0	0	0	0	0	0	0	9.30613	0
PWY-6565: superpathway of polyamine biosynthesis III	0	0	0	0	0	0	0	0	0	0	0	0	0	0	0	0	0	0	0	0
PWY-6572: chondroitin sulfate degradation I (bacterial)	0	0	0	23.781	0	0	0	0	0	0	0	0	0	10.3816	0	0	0	0	0	0
PWY-6588: pyruvate fermentation to acetone	40.2682	206.035	85.3172	77.6456	17.1842	16.6255	34.5692	37.5341	94.9173	39.9341	58.5778	76.7721	17.1783	38.3996	29.1628	27.9397	41.4523	86.048	52.0616	54.1509
PWY-6590: superpathway of Clostridium acetobutylicum acidogenic fermentation	50.1464	0	139.904	42.5059	20.9091	47.4572	42.5543	100.31	81.2525	0	85.6799	67.387	16.2347	45.4854	93.8119	134.48	62.948	95.1381	61.7911	93.9765
PWY-6595: superpathway of guanosine nucleotides degradation (plants)	0	0	93.8538	0	33.3972	21.591	43.7346	90.2519	0	0	0	121.219	0	0	0	0	0	0	0	0
PWY-6596: adenosine nucleotides degradation I	0	0	0	0	0	0	0	0	0	0	0	0	0	0	0	0	0	0	0	0
PWY-6606: guanosine nucleotides degradation II	155.239	330.889	99.7776	112.575	45.2677	137.25	65.7303	149.446	33.2692	107.021	178.235	171.91	87.8295	148.61	137.238	88.7593	185.045	235.855	101.491	30.1656
PWY-6608: guanosine nucleotides degradation III	387.341	404.912	178.664	203.571	170.085	208.047	167.576	224.52	144.624	259.115	235.595	321.877	157.94	205.546	174.946	238.375	220.898	305.428	136.82	164.647
PWY-6609: adenine and adenosine salvage III	415.709	241.064	378.647	267.397	462.821	411.759	324.609	420.29	453.581	459.615	569.63	450.854	165.008	327.947	452.784	517.934	327.78	236.884	372.403	380.957
PWY-6612: superpathway of tetrahydrofolate biosynthesis	9.1797	87.0879	22.3132	119.83	0	15.4472	0	40.5419	0	53.288	35.2333	54.6303	10.9495	23.1231	24.2842	0	109.108	110.971	11.851	0
PWY-6628: superpathway of L-phenylalanine biosynthesis	141.922	254.022	224.206	199.933	136.033	143.07	151.94	175.068	201.613	126.108	230.623	294.852	291.374	357.225	295.093	151.834	224.627	153.911	234.6	230.629
PWY-6629: superpathway of L-tryptophan biosynthesis	123.091	217.521	116.862	182.745	0	39.4837	55.1927	110.407	38.1943	145.517	219.881	240.668	124.819	46.616	145.462	57.553	190.393	289.281	103.951	15.0553
PWY-6630: superpathway of L-tyrosine biosynthesis	131.092	211.819	242.174	173.485	136.452	132.577	150.87	155.053	139.179	123.494	240.203	274.04	276.309	341.583	316.699	151.27	223.565	146.274	217.023	229.035
PWY-6641: superpathway of sulfolactate degradation	0	0	0	0	0	0	0	0	0	0	0	0	0	0	0	0	0	0	0	0
PWY-6654: phosphopantothenate biosynthesis III	0	0	0	0	0	0	0	0	0	0	0	0	0	0	0	0	0	0	12.5768	0
PWY-6660: 2-heptyl-3-hydroxy-4(1H)-quinolone biosynthesis	0	0	0	0	0	0	0	0	0	0	0	0	0	0	0	0	0	0	0	19.3712
PWY-6662: superpathway of quinolone and alkylquinolone biosynthesis	0	0	0	0	0	0	0	0	0	0	0	0	0	0	0	0	0	0	0	18.9634
PWY-6690: cinnamate and 3-hydroxycinnamate degradation to 2-oxopent-4-enoate	16.2012	138.14	11.7774	75.2483	0	10.8095	0	0	0	0	21.8134	21.6792	0	9.86552	16.4567	14.5148	0	0	0	0
PWY-6700: queuosine biosynthesis	388.392	235.959	233.048	221.448	206.309	250.16	381.032	270.75	75.4629	129.087	228.012	267.059	21.525	179.875	343.933	362.873	364.801	348.006	249.897	340.683
PWY-6703: preQ0 biosynthesis	283.43	156.563	12.0599	165.276	99.1526	126.471	317.51	209.311	0	40.0658	59.012	185.518	5.89706	89.5792	122.544	216.457	281.774	211.102	135.971	247.133
PWY-6708: ubiquinol-8 biosynthesis (prokaryotic)	5.43737	61.8494	0	15.4388	0	5.02762	0	0	0	0	17.9279	61.9756	0	0	3.48647	0	0	18.2567	0	19.2128
PWY-6731: starch degradation III	20.239	84.1433	37.771	27.2902	0	28.3993	16.138	0	0	0	37.4679	124.839	0	4.22116	81.0424	15.1713	15.4413	14.1843	28.6651	18.7813
PWY-6737: starch degradation V	327.014	375.506	367.666	487.155	198.199	236.88	180.762	258.986	176.396	289.019	462.169	434.78	583.137	437.617	494.399	547.687	244.723	283.987	409.474	484.853
PWY-6748: nitrate reduction VII (denitrification)	0	0	0	0	0	0	0	0	0	0	0	0	0	0	0	0	0	0	0	19.1024
PWY-6749: CMP-legionaminate biosynthesis I	20.4915	0	157.685	14.5129	0	0	100.47	37.2494	0	0	31.2728	88.2472	0	0	32.1959	76.1877	0	40.6014	0	76.0655
PWY-6785: hydrogen production VIII	0	0	0	0	0	0	0	0	0	0	0	0	0	0	0	0	0	7.08336	0	0
PWY-6803: phosphatidylcholine acyl editing	49.7933	232.866	19.1842	99.4496	0	19.9786	25.7313	32.2836	0	26.427	45.0219	87.3775	17.3802	11.5511	12.6397	31.6715	32.836	85.0539	47.9076	0
PWY-6823: molybdenum cofactor biosynthesis	13.7537	141.204	7.5939	42.3826	0	0	0	16.8605	0	23.4508	18.1137	56.6071	0	0	25.8192	0	14.857	45.9104	0	0
PWY-6837: fatty acid beta-oxidation V (unsaturated, odd number, di-isomerase-dependent)	13.1643	100.845	4.43911	23.8382	0	2.62018	6.73419	14.2779	0	10.3461	12.2963	58.1703	4.57436	0	7.38401	2.26777	14.0053	55.4021	0	18.1514
PWY-6859: all-trans-farnesol biosynthesis	5.56686	50.8803	5.15555	24.3933	0	0	6.768	0	0	0	46.4762	40.5878	0	0	7.17421	3.71726	69.8693	68.5912	0	0
PWY-6876: isopropanol biosynthesis	10.5781	29.4486	92.2773	27.3946	17.1842	0	0	0	17.9331	0	98.6544	72.5841	44.3125	49.0881	106.53	64.9471	38.2646	29.7569	25.4221	42.4329
PWY-6883: pyruvate fermentation to butanol II	24.4458	0	41.2508	25.2047	0	21.557	0	66.4456	0	0	56.982	71.7553	25.7858	26.9693	46.2245	26.8591	52.2476	68.5351	17.9997	41.3044
PWY-6891: thiazole biosynthesis II (Bacillus)	100.299	334.121	44.175	151.662	0	29.9587	16.0767	46.6029	0	50.2004	42.6835	38.6722	33.4031	7.60577	114.378	36.5701	77.9152	245.355	36.028	0
PWY-6892: thiazole biosynthesis I (E. coli)	113.992	363.013	50.5359	167.221	0	36.7002	19.8739	56.3556	0	57.0599	50.609	187.462	41.3186	9.46925	134.705	44.936	92.9527	261.751	45.6651	0
PWY-6895: superpathway of thiamin diphosphate biosynthesis II	228.128	252.884	42.1918	152.892	0	98.1609	64.644	144.214	0	52.2004	67.2679	82.713	32.7868	30.6842	112.424	97.3594	204.279	244.944	82.6197	0
PWY-6897: thiamin salvage II	295.332	249.042	88.2059	155.752	148.629	213.771	188.365	250.28	183.401	170.721	83.1465	212.891	57.1863	104.279	155.033	183.141	305.37	229.011	122.047	183.1
PWY-6901: superpathway of glucose and xylose degradation	374.995	291.191	238.541	231.191	255.893	326.084	277.295	338.508	209.101	160.214	179.694	288.919	473.292	336.212	220.879	239.192	207.633	214.905	215.963	255.914
PWY-6906: chitin derivatives degradation	0	0	0	0	0	0	0	0	0	0	0	0	0	0	0	0	0	0	0	0
PWY-6936: seleno-amino acid biosynthesis	365.872	475.36	127.203	341.151	273.754	303.968	145.675	223.517	410.329	233.011	217.637	318.467	131.401	256.446	221.114	183.357	211.259	253.631	233.772	148.66
PWY-6953: dTDP-3-acetamido-3,6-dideoxy-&alpha;-D-galactose biosynthesis	0	0	0	0	0	0	0	0	0	0	0	0	0	0	0	0	0	6.13062	0	0
PWY-6969: TCA cycle V (2-oxoglutarate:ferredoxin oxidoreductase)	57.0811	287.273	35.2985	181.871	0	58.7452	37.0927	75.2032	0	51.0981	17.6331	138.005	82.2768	82.7191	76.2385	65.5223	155.909	192.685	171.1	157.377
PWY-6992: 1,5-anhydrofructose degradation	23.6136	0	0	67.9906	12.7349	0	132.832	8.89323	0	5.29859	33.5165	34.6651	0	44.1106	63.5784	120.673	60.7604	52.8075	23.264	12.9974
PWY-7003: glycerol degradation to butanol	79.8802	98.6783	148.691	78.572	108.072	70.6948	68.1493	77.6015	148.935	84.9085	133.066	187.978	41.591	125.334	222.055	237.294	87.4916	113.321	107.75	101.181
PWY-7007: methyl ketone biosynthesis	128.962	0	0	30.8294	0	40.5079	27.1228	164.796	0	6.83099	37.5195	34.9586	20.9001	20.3666	39.1299	38.2132	56.3104	65.0451	23.9705	65.3374
PWY-7013: L-1,2-propanediol degradation	33.0711	177.665	49.0394	41.1541	23.0895	0	18.7367	18.2836	173.165	64.5968	44.5303	218.209	9.37059	22.1115	27.1892	68.2271	162.046	94.7368	69.2353	37.2176
PWY-7039: phosphatidate metabolism, as a signaling molecule	0	85.2795	0	20.1943	0	0	0	0	0	0	0	0	0	0	0	0	0	0	0	0
PWY-7046: 4-coumarate degradation (anaerobic)	16.2569	121.46	9.71628	26.1533	0	23.8345	0	0	0	0	5.31497	1.77427	5.98495	6.63685	9.89939	11.3663	0	0	4.9633	0
PWY-7094: fatty acid salvage	0	140.575	23.9823	30.625	0	3.86445	10.2685	22.9409	0	27.3407	22.5244	71.4366	2.90753	0	0	0	13.2933	40.8887	2.45697	21.4158
PWY-7111: pyruvate fermentation to isobutanol (engineered)	522.023	879.182	595.639	517.127	335.447	405.377	532.582	538.775	401.457	279.385	763.814	829.125	1606.01	973.918	783.985	860.303	609.11	587.666	629.194	548.88
PWY-7115: C4 photosynthetic carbon assimilation cycle, NAD-ME type	13.4181	125.157	21.5853	99.6576	12.0374	53.828	0	29.2524	0	49.5074	37.5095	166.816	120.999	135.478	110.802	87.7956	32.1488	68.3973	146.864	75.1013
PWY-7117: C4 photosynthetic carbon assimilation cycle, PEPCK type	58.3962	362.358	50.7528	141.309	8.45427	45.6752	0	27.4238	0	40.6223	90.87	206.854	347.63	372.834	102.836	83.6916	73.6072	125.031	133.208	66.4761
PWY-7118: chitin degradation to ethanol	0	0	0	0	0	0	0	0	0	0	0	0	0	0	0	0	9.68189	0	0	0
PWY-7165: L-ascorbate biosynthesis VI (engineered pathway)	0	0	0	0	0	0	0	0	0	0	0	0	0	0	0	0	0	0	0	0
PWY-7184: pyrimidine deoxyribonucleotides de novo biosynthesis I	196.796	207.444	30.9524	114.637	266.172	239.4	204.252	148.059	202.724	205.69	165.574	153.585	39.8282	151.896	68.7188	148.257	331.727	251.685	116.82	203.84
PWY-7187: pyrimidine deoxyribonucleotides de novo biosynthesis II	174.112	233.073	68.5469	134.649	271.197	251.479	154.409	144.424	228.395	272.405	197.406	221.231	65.0936	243.459	138.972	221.74	310.523	230.659	178.932	212.095
PWY-7196: superpathway of pyrimidine ribonucleosides salvage	0	0	0	25.6417	0	0	0	0	0	0	0	133.745	36.3843	128.778	69.0245	55.14	0	0	115.685	81.7402
PWY-7197: pyrimidine deoxyribonucleotide phosphorylation	117.064	132.82	18.7437	75.564	179.114	157.38	140.671	90.1141	230.594	130.07	114.952	98.0882	18.2178	102.003	42.8753	97.4539	272.54	189.797	77.8572	140.838
PWY-7198: pyrimidine deoxyribonucleotides de novo biosynthesis IV	27.1192	0	28.0963	55.1389	126.541	105.208	0	0	104.475	168.598	82.1205	126.507	45.9442	154.943	59.7905	109.998	163.712	130.71	103.691	63.1676
PWY-7199: pyrimidine deoxyribonucleosides salvage	450.931	198.202	217.983	196.198	423.971	395.61	278.379	377.531	235.589	369.391	309.574	294.686	53.2222	185.261	289.487	245.002	182.667	164.709	162.422	234.963
PWY-7200: superpathway of pyrimidine deoxyribonucleoside salvage	0	0	0	0	0	0	63.5981	0	0	0	0	0	0	0	0	0	0	0	52.4524	38.695
PWY-7204: pyridoxal 5'-phosphate salvage II (plants)	45.5574	253.142	39.3345	92.4987	0	20.0871	24.8708	57.6206	0	38.0635	31.6311	81.4519	5.97514	3.47748	7.51863	0	61.2726	130.982	0	0
PWY-7208: superpathway of pyrimidine nucleobases salvage	301.178	182.394	28.8799	118.249	263.181	236.487	290.888	217.594	252.125	173.602	170.701	133.948	676.38	288.117	66.1284	141.165	325.527	221.556	110.648	236.559
PWY-7209: superpathway of pyrimidine ribonucleosides degradation	0	19.2964	0	0	0	0	0	0	0	0	0	0	0	0	0	0	6.91152	0	0	0
PWY-7210: pyrimidine deoxyribonucleotides biosynthesis from CTP	0	0	0	61.2492	142.684	120.941	0	0	141.817	180.328	0	124.547	33.274	116.047	0	0	21.1126	0	0	23.7021
PWY-7211: superpathway of pyrimidine deoxyribonucleotides de novo biosynthesis	0	0	0	86.5297	184.233	164.63	0	0	0	145.388	0	165.183	58.3422	195.173	83.5521	43.9292	35.9232	0	108.738	60.321
PWY-7219: adenosine ribonucleotides de novo biosynthesis	402.087	338.416	395.423	392.691	318.582	345.412	426.282	368.306	318.613	392.062	404.586	437.899	1010.33	611.157	615.83	558.045	562.493	490.352	650.889	493.546
PWY-7220: adenosine deoxyribonucleotides de novo biosynthesis II	313.19	481.69	466.62	347.36	347.179	440.113	291.272	209.357	461.765	637.486	647.601	592.725	1145.77	614.063	589.242	526.653	410.581	316.727	472.327	299.375
PWY-7221: guanosine ribonucleotides de novo biosynthesis	545.082	313.682	318.298	319.258	378.48	443.77	411.454	367.809	416.29	390.621	398.199	441.126	800.295	524.764	472.012	431.652	553.564	393.577	482.8	389.419
PWY-7222: guanosine deoxyribonucleotides de novo biosynthesis II	313.19	481.69	466.62	347.36	347.179	440.113	291.272	209.357	461.765	637.486	647.601	592.725	1145.77	614.063	589.242	526.653	410.581	316.727	472.327	299.375
PWY-7228: superpathway of guanosine nucleotides de novo biosynthesis I	409.168	251.796	42.2426	158.977	322.197	323.781	353.771	271.285	321.18	215.437	219.184	183.331	40.0236	189.438	90.3785	186.065	426.01	315.304	152.16	280.422
PWY-7229: superpathway of adenosine nucleotides de novo biosynthesis I	347.924	374.88	414.533	385.048	320.672	335.823	360.46	310.801	327.802	413.063	453.738	460.781	964.317	606.453	601.043	537.944	490.088	380.244	574.725	417.956
PWY-7234: inosine-5'-phosphate biosynthesis III	180.571	150.333	26.5875	188.107	133.721	69.8314	44.3477	59.7332	152.449	172.861	56.9904	181.484	772.002	390.918	86.4252	58.7042	155.738	147.221	171.055	89.9989
PWY-7237: myo-, chiro- and scillo-inositol degradation	0	125.997	0	46.3494	0	0	0	0	0	0	0	437.885	0	186.374	289.13	265.65	96.6678	51.5665	116.267	60.7256
PWY-7242: D-fructuronate degradation	26.9723	220.32	59.5091	85.0965	41.5329	27.9023	69.6643	126.704	12.3149	86.0062	60.6256	144.421	24.1218	38.6033	108.466	39.6639	18.6716	51.1948	23.8723	35.1971
PWY-724: superpathway of L-lysine, L-threonine and L-methionine biosynthesis II	336.545	303.293	275.447	214.659	197.761	240.741	227.341	216.961	302.225	182.11	307.626	362.92	924.178	533.52	324.111	335.078	253.438	210.173	313.474	239.178
PWY-7254: TCA cycle VII (acetate-producers)	29.6143	227.776	35.1197	162.155	0	12.5924	0	31.6243	0	66.8081	41.7992	123.892	32.0754	60.9346	51.6404	22.8329	86.7636	146.503	68.2531	83.8743
PWY-7268: NAD/NADP-NADH/NADPH cytosolic interconversion (yeast)	0	0	0	0	0	0	0	0	0	0	0	0	0	0	0	0	0	0	0	19.1702
PWY-7269: NAD/NADP-NADH/NADPH mitochondrial interconversion (yeast)	29.9225	138.394	25.0683	58.4866	0	0	0	0	51.1291	34.0236	40.5125	120.404	4.6324	0	10.0099	7.44625	0	19.6671	0	13.0007
PWY-7279: aerobic respiration II (cytochrome c) (yeast)	16.4968	46.5345	12.0106	18.6364	0	0	0	0	2.35445	20.2243	8.71102	32.5447	0	0	0	0	0	7.62658	0	0
PWY-7282: 4-amino-2-methyl-5-phosphomethylpyrimidine biosynthesis (yeast)	293.184	317.991	93.3939	146.016	159.077	220.9	166.021	217.711	0	70.2672	63.1692	132.043	23.4912	91.0607	138.143	160.128	264.462	204.701	56.521	128.787
PWY-7286: 7-(3-amino-3-carboxypropyl)-wyosine biosynthesis	0	0	0	0	0	0	0	0	0	0	0	0	0	0	0	0	0	0	9.50129	0
PWY-7288: fatty acid &beta;-oxidation (peroxisome, yeast)	0	0	8.31067	18.8564	9.02033	0	0	0	0	0	0	39.5244	11.3044	32.3501	26.4506	24.7605	0	15.7434	0	0
PWY-7294: xylose degradation IV	0	0	22.9409	19.1912	0	0	0	12.5402	0	0	0	35.7	0	0	10.0749	12.887	16.1441	40.313	2.89099	0
PWY-7312: dTDP-D-&beta;-fucofuranose biosynthesis	0	8.8648	0	0	0	0	0	0	0	0	0	0	0	0	0	0	0	0	0	0
PWY-7315: dTDP-N-acetylthomosamine biosynthesis	54.6928	155.464	105.333	41.4632	0	19.7502	204.085	15.2904	0	40.5736	40.934	115.892	9.54127	0	60.3576	102.748	30.3179	59.0052	3.34338	44.93
PWY-7316: dTDP-N-acetylviosamine biosynthesis	9.38782	0	7.89255	0	0	0	0	0	11.5726	0	59.1986	7.56446	0	0	0	14.458	0	0	7.02243	45.5748
PWY-7323: superpathway of GDP-mannose-derived O-antigen building blocks biosynthesis	66.7547	199.136	24.8765	90.7363	0	42.9827	169.098	47.2771	0	29.0254	66.7017	90.0021	9.79828	115.002	54.7737	54.6726	67.0493	130.954	30.882	164.574
PWY-7328: superpathway of UDP-glucose-derived O-antigen building blocks biosynthesis	22.4007	124.895	37.3263	57.1778	0	32.6645	18.5324	23.3713	0	52.3099	38.2911	187.647	89.6853	38.3685	70.3018	31.5207	35.9045	82.4639	131.184	60.3594
PWY-7332: superpathway of UDP-N-acetylglucosamine-derived O-antigen building blocks biosynthesis	0	0	0	0	0	0	0	0	0	0	0	0	0	0	66.2848	83.327	0	0	0	0
PWY-7345: superpathway of anaerobic sucrose degradation	0	0	0	0	0	0	0	0	0	0	0	0	0	0	0	0	46.3628	0	0	0
PWY-7357: thiamin formation from pyrithiamine and oxythiamine (yeast)	268.654	245.383	125.948	190.696	178.446	229.641	168.019	238.713	300.686	228.283	233.565	271.779	158.952	143.928	259.99	264.291	301.278	202.155	195.309	202.566
PWY-7377: cob(II)yrinate a,c-diamide biosynthesis I (early cobalt insertion)	0	38.019	0	0	0	0	0	0	0	17.1076	0	61.6026	0	0	0	0	0	0	0	0
PWY-7383: anaerobic energy metabolism (invertebrates, cytosol)	35.1128	0	42.5697	83.8448	38.3479	0	222.221	0	0	0	43.1405	138.831	0	44.4164	56.1482	59.4367	285.004	0	82.3439	47.3863
PWY-7384: anaerobic energy metabolism (invertebrates, mitochondrial)	22.3826	0	13.1626	52.5944	0	0	0	17.8644	0	0	17.2057	29.8662	10.0448	10.3244	0	11.0739	45.2318	54.3383	9.43993	0
PWY-7385: 1,3-propanediol biosynthesis (engineered)	32.2074	157.735	38.3094	100.454	0	0	11.1819	22.5727	0	0	50.4245	14.7253	19.5803	35.0171	55.7524	79.4054	16.8867	51.3707	0	0
PWY-7388: octanoyl-[acyl-carrier protein] biosynthesis (mitochondria, yeast)	99.6584	496.528	91.9257	238.441	14.878	157.637	202.607	291.882	0	166.143	128.344	252.837	219.2	71.1938	114.779	75.8203	223.668	331.986	135.084	154.654
PWY-7389: superpathway of anaerobic energy metabolism (invertebrates)	19.4327	0	17.2291	62.2639	0	0	0	0	0	0	22.3439	44.3798	0	15.1788	0	16.7542	50.3091	0	14.9579	0
PWY-7391: isoprene biosynthesis II (engineered)	0	0	0	0	0	0	0	0	0	0	0	0	0	0	0	0	0	0	0	0
PWY-7392: taxadiene biosynthesis (engineered)	0	0	0	0	0	0	0	0	0	0	38.2002	0	0	0	0	0	118.167	57.5587	0	0
PWY-7399: methylphosphonate degradation II	0	0	0	9.58716	0	0	0	0	0	0	10.4672	13.4558	7.46374	6.38703	3.91833	3.37052	0	0	0	0
PWY-7400: L-arginine biosynthesis IV (archaebacteria)	135.996	379.536	283.492	299.703	187.96	218.877	213.956	174.105	322.589	388.872	346.004	359.216	833.768	445.344	484.594	433.288	371.853	260.853	375.192	327.885
PWY-7409: phospholipid remodeling (phosphatidylethanolamine, yeast)	0	73.154	8.9806	15.8739	0	0	0	0	0	14.685	0	0	0	0	0	0	0	0	0	0
PWY-7446: sulfoglycolysis	8.60915	55.7886	8.08249	31.0598	0	5.55129	0	3.89807	0	0	9.83043	31.9594	0	0	6.53693	9.13527	7.61412	28.1527	0	0
PWY-7456: mannan degradation	412.806	0	0	65.9227	173.379	261.959	0	0	0	0	90.6776	95.8826	81.9274	125.493	95.8832	107.904	82.2662	101.13	37.2187	145.184
PWY-7539: 6-hydroxymethyl-dihydropterin diphosphate biosynthesis III (Chlamydia)	14.2581	149.627	0	74.4167	47.7874	65.9193	31.4785	17.7154	61.6029	151.722	42.737	85.6226	12.8797	58.2478	19.7262	12.1521	100.382	117.573	41.0467	75.1886
PWY-7560: methylerythritol phosphate pathway II	46.4049	0	0	0	0	0	30.9435	0	0	0	60.9983	0	0	0	0	0	159.972	95.9808	0	20.4756
PWY-7562: 3,6-anhydro-&alpha;-L-galactopyranose degradation	0	0	0	0	0	0	0	0	0	0	0	13.2522	0	0	0	0	0	0	0	0
PWY-7616: methanol oxidation to carbon dioxide	0	0	0	0	0	0	0	0	0	0	3.67191	1.8992	0	0	13.0235	15.184	0	0	0	0
PWY-7663: gondoate biosynthesis (anaerobic)	63.1578	497.754	85.2666	245.475	200.355	116.483	166.101	231.163	219.708	317.219	120.108	260.806	199.768	84.3083	172.669	246.534	226.638	453.934	109.051	152.458
PWY-7664: oleate biosynthesis IV (anaerobic)	45.2053	426.911	12.0184	135.416	14.821	113.972	148.146	33.7448	0	201.824	76.8178	223.375	160.352	60.8258	112.488	78.2466	74.6053	140.001	31.2965	131.718
PWY-821: superpathway of sulfur amino acid biosynthesis (Saccharomyces cerevisiae)	38.5805	47.7013	14.7705	85.7562	0	18.937	18.3346	20.4663	0	46.1949	47.3797	100.849	15.4334	15.1488	20.9703	34.2648	32.0611	117.272	29.2145	35.474
PWY-841: superpathway of purine nucleotides de novo biosynthesis I	353.211	242.447	67.4969	192.363	271.739	283.975	321.212	260.57	284.998	243.507	234.097	213.705	68.4603	238.543	138.518	223.598	399.09	295.27	185.212	292.984
PWY-922: mevalonate pathway I	0	0	0	0	86.1668	13.533	0	0	63.2163	37.6807	0	30.9727	0	0	0	0	0	0	0	0
PWY0-1061: superpathway of L-alanine biosynthesis	33.7661	275.058	29.0231	120.863	102.116	104.456	0	44.9831	72.3924	318.69	46.0843	281.21	365.564	212.24	192.034	145.087	35.1631	110.836	273.811	137.07
PWY0-1241: ADP-L-glycero-&beta;-D-manno-heptose biosynthesis	22.78	122.477	0	57.1211	0	7.27971	118.452	17.1628	0	0	22.9558	57.1232	5.50755	14.1718	12.9493	9.62995	243.051	182.643	23.6085	24.7943
PWY0-1261: anhydromuropeptides recycling	118.324	305.23	189.926	201.037	145.434	137.277	68.8191	109.716	0	189.612	159.689	267.327	58.3027	114.59	130.639	77.3918	176.122	165.202	159.632	167.017
PWY0-1277: 3-phenylpropanoate and 3-(3-hydroxyphenyl)propanoate degradation	11.7174	153.83	14.7959	71.7493	0	20.4463	0	0	0	0	42.7326	32.2702	0	0	28.8039	21.9366	0	0	0	0
PWY0-1296: purine ribonucleosides degradation	223.991	301.601	394.435	320.013	291.336	245.85	115.435	198.375	402.684	424.473	505.978	409.379	89.8929	208.485	429.724	510.887	307.68	222.111	316.012	202.786
PWY0-1297: superpathway of purine deoxyribonucleosides degradation	150.69	262.738	373.028	219.211	278.766	238.401	116.409	190.358	382.787	429.605	435.498	346.777	70.5177	200.563	297.143	322.494	231.782	174.784	213.921	123.825
PWY0-1298: superpathway of pyrimidine deoxyribonucleosides degradation	71.2782	246.357	250.198	179.791	226.398	203.037	90.2793	131.652	336.211	392.016	175.869	293.816	41.284	147.515	211.492	263.016	200.325	164.914	128.736	32.613
PWY0-1319: CDP-diacylglycerol biosynthesis II	230.548	515.337	263.024	379.052	61.7176	77.2115	123.773	140.79	56.7404	103.93	394.184	350.051	58.4023	230.092	535.176	415.483	189.154	388.128	393.152	363.33
PWY0-1338: polymyxin resistance	10.5124	78.2762	8.89661	19.4106	0	8.43088	0	3.62994	0	14.6182	19.2768	47.2983	0	0	0	0	0	0	0	17.878
PWY0-1415: superpathway of heme biosynthesis from uroporphyrinogen-III	26.2887	199.108	28.3877	60.3645	0	11.7907	7.72545	26.7162	0	42.8858	31.9923	55.8161	14.6508	14.155	12.0638	35.0943	57.202	81.3983	0	11.7213
PWY0-1479: tRNA processing	53.9694	234.495	39.2406	128.173	0	45.5967	25.5799	42.2027	0	48.0209	41.4578	117.727	66.2545	22.3871	110.298	61.2758	91.3752	147.163	41.2712	45.9918
PWY0-1533: methylphosphonate degradation I	7.86431	71.5626	7.58787	35.8356	0	2.61833	0	14.3871	0	19.4304	8.6561	45.335	0	0	3.53446	2.10969	4.52478	26.0133	0	10.5005
PWY0-1586: peptidoglycan maturation (meso-diaminopimelate containing)	263.594	1150.69	232.143	549.632	171.394	245.904	226.397	206.018	279.77	442.54	279.523	603.57	915.848	482.027	363.331	393.479	329.178	402.959	294.379	287.151
PWY0-162: superpathway of pyrimidine ribonucleotides de novo biosynthesis	189.97	225.511	49.5886	102.335	204.473	212.286	232.934	179.468	0	112.428	96.1341	178.675	788.322	353.748	108.343	165.822	225.144	262.965	152.415	169.775
PWY0-166: superpathway of pyrimidine deoxyribonucleotides de novo biosynthesis (E. coli)	201.539	233.437	54.7271	137.161	287.394	262.255	197.507	154.137	229.593	268.74	198.366	227.177	65.2221	244.63	123.107	223.518	327.838	250.255	181.226	221.27
PWY0-321: phenylacetate degradation I (aerobic)	0	8.563	0	9.95949	0	0	0	0	0	0	4.27748	23.7019	0	0	0	0	0	0	0	0
PWY0-41: allantoin degradation IV (anaerobic)	0	49.1781	0	19.042	0	6.97607	10.4036	0	0	0	9.94949	50.2697	0	0	0	11.8037	0	8.19906	4.27386	0
PWY0-42: 2-methylcitrate cycle I	11.6664	196.486	15.1007	56.4385	0	12.2396	21.1021	29.2068	0	23.3842	19.3723	32.2488	7.25153	0	6.27195	11.2399	10.7969	78.5708	0	21.0393
PWY0-781: aspartate superpathway	70.0527	219.398	97.4765	173.691	59.8876	142.367	81.2686	97.1896	87.6672	159.127	142.715	230.826	146.678	246.368	196.658	150.713	119.378	145.516	205.811	115.021
PWY0-845: superpathway of pyridoxal 5'-phosphate biosynthesis and salvage	347.237	262.795	48.9151	113.986	142.237	225.657	244.189	213.086	0	31.6511	46.7093	74.8479	9.77883	78.4003	81.0099	98.8487	267.862	238.403	29.7043	94.6148
PWY0-862: (5Z)-dodec-5-enoate biosynthesis	43.0475	396.58	14.7839	125.151	12.8359	112.902	144.738	29.461	0	190.736	72.0585	212.953	147.412	57.8038	106.107	70.2249	119.861	130.686	27.897	127.642
PWY0-881: superpathway of fatty acid biosynthesis I (E. coli)	0	0	13.1722	0	0	8.16978	0	0	0	0	63.5889	38.2824	40.4748	50.4784	11.0983	36.6236	34.9218	0	0	67.5383
PWY1F-823: leucopelargonidin and leucocyanidin biosynthesis	0	0	0	0	0	0	0	0	0	67.1022	0	0	0	0	0	0	0	0	0	0
PWY3DJ-35471: L-ascorbate biosynthesis IV	0	0	0	13.782	0	0	0	0	0	0	37.4139	0	0	0	0	0	0	0	0	0
PWY3O-355: stearate biosynthesis III (fungi)	0	0	8.48818	0	0	7.495	0	0	0	0	28.6466	55.975	0	14.4532	35.8339	14.6687	0	0	0	15.7461
PWY4FS-7: phosphatidylglycerol biosynthesis I (plastidic)	94.0687	345.585	119.851	275.69	8.67153	36.3128	46.1133	124.001	0	51.5698	169.932	218.007	61.3949	38.9491	193.429	120.651	105.368	186.812	47.9241	95.4716
PWY4FS-8: phosphatidylglycerol biosynthesis II (non-plastidic)	94.0687	345.585	119.851	275.69	8.67153	36.3128	46.1133	124.001	0	51.5698	169.932	218.007	61.3949	38.9491	193.429	120.651	105.368	186.812	47.9241	95.4716
PWY4LZ-257: superpathway of fermentation (Chlamydomonas reinhardtii)	95.2356	329.944	210.56	170.569	202.741	206.214	117.075	172.721	243.325	171.083	187.23	202.681	61.5913	124.218	205.756	222.346	80.4286	153.83	142.713	108.477
PWY5F9-12: biphenyl degradation	0	0	0	4.35042	0	0	0	0	0	0	0	0	0	0	0	0	0	0	0	0
PWY66-201: nicotine degradation IV	0	0	0	0	0	0	0	0	0	0	0	0	0	0	0	0	0	0	0	0
PWY66-367: ketogenesis	0	0	0	0	0	0	0	0	0	0	12.7835	0	0	0	0	0	0	0	0	0
PWY66-388: fatty acid &alpha;-oxidation III	0	0	0	0	0	0	0	0	0	0	0	0	0	0	0	0	0	0	0	13.406
PWY66-389: phytol degradation	44.4585	163.117	70.69	96.5277	95.7862	88.3404	115.944	63.2608	0	0	147.364	129.69	114.838	183.774	196.447	194.364	104.715	137.301	134.448	103.341
PWY66-391: fatty acid &beta;-oxidation VI (peroxisome)	0	0	14.8977	34.227	0	0	0	0	0	0	0	63.6274	17.3293	27.6951	40.0089	36.766	0	28.057	0	0
PWY66-398: TCA cycle III (animals)	0	113.538	22.356	97.9844	0	0	15.6891	42.288	0	0	14.9274	39.1313	31.516	24.9126	0	0	57.2814	141.702	18.0518	0
PWY66-399: gluconeogenesis III	46.6109	0	82.2641	110.502	63.1038	0	0	0	0	0	79.3962	173.708	0	66.7551	77.3385	90.919	272.273	0	90.3241	71.4747
PWY66-400: glycolysis VI (metazoan)	469.542	312.655	253.168	289.806	395.559	389.6	479.999	485.577	418.826	471.143	325.836	425.529	249.53	500.513	280.464	295.25	520.243	347.208	362.48	504.636
PWY66-409: superpathway of purine nucleotide salvage	89.0872	233.986	65.7696	175.8	258.588	223.899	161.309	220.412	198.603	263.921	83.7891	138.724	57.7381	140.05	107.321	78.1049	189.072	140.455	101.589	0
PWY66-422: D-galactose degradation V (Leloir pathway)	104.435	291.109	225.703	286.082	259.35	228.153	96.5193	131.406	162.405	279.814	349.371	339.033	665.427	264.283	369.303	293.222	167.905	181.926	273.35	296.995
PWYG-321: mycolate biosynthesis	56.5961	0	17.7325	174.785	15.4102	125.272	167.723	55.5018	0	0	97.3071	245.802	190.218	66.2566	119.035	81.1955	99.6137	202.172	46.6952	143.012
PYRIDNUCSAL-PWY: NAD salvage pathway I	57.571	190.882	61.0509	119.014	0	17.598	40.8179	98.8589	0	78.0616	82.1713	121.622	39.7847	27.0221	97.2597	106.048	49.9184	163.55	37.0433	43.5935
PYRIDNUCSYN-PWY: NAD biosynthesis I (from aspartate)	144.187	201.443	48.5022	138.626	149.496	123.794	159.373	130.312	42.9729	83.5589	87.8894	170.812	101.722	128.724	67.6108	122.504	194.599	196.069	158.909	192.178
PYRIDOXSYN-PWY: pyridoxal 5'-phosphate biosynthesis I	379.756	213.026	32.6097	122.825	158.756	251.678	258.07	204.35	0	32.2377	53.3035	83.6167	11.586	58.5961	59.6036	75.2592	249.313	232.504	31.5455	79.2114
REDCITCYC: TCA cycle VIII (helicobacter)	20.8788	118.751	27.2527	50.2788	0	8.35108	0	25.751	0	0	10.9053	10.1297	0	5.95032	6.33755	9.16762	31.4947	53.3564	7.30046	44.4451
RHAMCAT-PWY: L-rhamnose degradation I	151.848	350.549	98.1438	180.009	78.1438	62.5555	243.815	274.17	77.265	67.9538	231.506	137.002	44.0889	119.821	82.6812	87.4675	88.3157	145.675	63.5654	167.625
RIBOSYN2-PWY: flavin biosynthesis I (bacteria and plants)	347.201	169.075	86.4876	152.223	215.066	251.86	307.416	225.609	143.52	232.811	154.229	275.173	21.7404	166.222	244.942	329.594	375.888	327.749	215.272	255.176
RUMP-PWY: formaldehyde oxidation I	0	0	0	6.7311	0	0	0	11.2282	0	49.2657	0	0	0	0	0	56.0639	0	0	10.1627	11.7371
SALVADEHYPOX-PWY: adenosine nucleotides degradation II	142.278	426.016	92.3783	188.87	54.3104	149.086	63.9709	162.207	153.211	242.484	203.614	170.88	150.415	191.487	159.886	85.3398	213.069	320.104	116.49	26.9271
SER-GLYSYN-PWY: superpathway of L-serine and glycine biosynthesis I	210.619	276.477	177.209	196.924	216.463	278.95	117.635	128.47	92.5868	258.146	136.542	207.857	755.944	376.256	300.033	261.564	213.976	216.757	319.46	304.851
SO4ASSIM-PWY: sulfate reduction I (assimilatory)	72.8725	262.256	17.2679	93.1553	0	54.3367	33.3883	32.943	0	37.6124	44.1916	76.7851	13.3378	18.9493	43.1739	34.6734	65.2202	121.124	29.1137	24.3257
SULFATE-CYS-PWY: superpathway of sulfate assimilation and cysteine biosynthesis	72.3726	276.743	33.8304	135.798	0	77.2223	46.8269	29.4872	0	69.249	69.5958	120.052	27.1812	39.4816	79.877	66.8753	90.3839	153.352	56.666	46.5998
TCA-GLYOX-BYPASS: superpathway of glyoxylate bypass and TCA	39.6306	386.374	32.8638	173.254	0	39.7942	12.6558	54.4529	0	43.7496	49.88	110.011	38.0523	31.7302	62.4988	47.8532	58.027	162.045	33.8354	48.7045
TCA: TCA cycle I (prokaryotic)	109.214	473.111	39.8765	215.7	0	79.1716	23.623	114.003	0	67.3449	67.796	164.961	146.105	152.652	181.903	82.3009	193.222	227.451	180.428	163.855
TEICHOICACID-PWY: teichoic acid (poly-glycerol) biosynthesis	0	0	0	0	0	0	0	0	0	0	0	9.15582	0	42.841	50.9828	91.6304	33.5932	10.9275	43.9994	42.1235
THISYN-PWY: superpathway of thiamin diphosphate biosynthesis I	241.314	258.247	44.1738	155.815	0	111.594	76.3802	161.513	0	54.0227	70.7606	121.525	34.068	36.476	115.861	108.073	223.214	254.873	91.4736	0
THISYNARA-PWY: superpathway of thiamin diphosphate biosynthesis III (eukaryotes)	280.266	265.98	89.1657	134.255	182.879	227.964	154.773	79.3705	0	39.8259	74.9356	208.863	74.8949	129.87	175.653	206.898	120.669	176.699	138.184	154.92
THREOCAT-PWY: superpathway of L-threonine metabolism	22.0041	113.015	22.5606	62.99	0	0	0	0	0	23.3689	27.0587	72.0166	0	0	6.02546	8.42838	0	28.0221	0	0
THRESYN-PWY: superpathway of L-threonine biosynthesis	124.536	400.228	263.846	229.531	164.68	191.713	187.342	197.743	284.443	316.595	295.991	355.745	1217.29	558.603	284.98	292.899	291.631	183.004	292.521	199.054
TRNA-CHARGING-PWY: tRNA charging	369.061	366.904	301.959	292.07	273.456	273.007	325.587	277.704	281.649	317.388	309.368	397.702	229.134	364.557	398.516	421.315	429.913	355.431	416.662	372.019
TRPSYN-PWY: L-tryptophan biosynthesis	300.825	158.52	125.799	162.279	161.915	231.041	314.53	256.454	144.348	240.152	184.239	270.532	716.695	389.908	260.744	282.189	408.257	305.978	166.369	247.137
TYRFUMCAT-PWY: L-tyrosine degradation I	0	0	0	0	0	0	0	0	0	0	0	0	0	0	0	0	0	0	0	10.1538
UBISYN-PWY: superpathway of ubiquinol-8 biosynthesis (prokaryotic)	6.36762	70.0941	0	17.4577	0	5.09945	0	0	0	0	18.9691	59.0131	0	0	3.98	0	0	21.0521	0	19.9002
UDPNAGSYN-PWY: UDP-N-acetyl-D-glucosamine biosynthesis I	109.022	323.737	151.978	285.922	200.159	170.26	52.3532	144.133	326.181	344.065	224.201	297.374	924.134	423.896	221.905	139.124	218.439	137.808	271.433	139.793
URDEGR-PWY: superpathway of allantoin degradation in plants	0	32.8492	0	5.42163	0	3.5689	0	0	0	0	0	14.4555	0	0	0	0	0	5.55061	0	0
URSIN-PWY: ureide biosynthesis	0	34.2488	0	13.1707	0	0	0	0	0	0	0	43.8518	0	0	0	0	21.197	0	0	0
VALSYN-PWY: L-valine biosynthesis	522.023	626.9	511.286	509.339	259.479	360.87	471.137	538.775	290.003	240.799	504.999	704.866	1606.01	973.918	783.985	710.35	608.64	563.921	629.194	548.88
